type	FP	TP	FN	TP.baseline	precision	recall	F1	qual	exp	method	sample	region	eval	min.cov
Total	2202	27297	850	27638	0.9254	0.9702	0.9473	0	hgsvcsim	vg	HG00514	all	call	0.5
INS	1112	16746	539	16813	0.9377	0.9689	0.953	0	hgsvcsim	vg	HG00514	all	call	0.5
DEL	1090	10551	311	10825	0.9064	0.9721	0.9381	0	hgsvcsim	vg	HG00514	all	call	0.5
Total	1951	25806	1901	26587	0.9297	0.9333	0.9315	2	hgsvcsim	vg	HG00514	all	call	0.5
INS	1045	16272	862	16490	0.9397	0.9503	0.945	2	hgsvcsim	vg	HG00514	all	call	0.5
DEL	906	9534	1039	10097	0.9132	0.9067	0.9099	2	hgsvcsim	vg	HG00514	all	call	0.5
Total	1843	25414	2101	26387	0.9324	0.9262	0.9293	3	hgsvcsim	vg	HG00514	all	call	0.5
INS	991	16001	973	16379	0.9417	0.9439	0.9428	3	hgsvcsim	vg	HG00514	all	call	0.5
DEL	852	9413	1128	10008	0.917	0.8987	0.9078	3	hgsvcsim	vg	HG00514	all	call	0.5
Total	1759	25019	2459	26029	0.9343	0.9137	0.9239	4	hgsvcsim	vg	HG00514	all	call	0.5
INS	929	15688	1280	16072	0.9441	0.9262	0.9351	4	hgsvcsim	vg	HG00514	all	call	0.5
DEL	830	9331	1179	9957	0.9183	0.8941	0.906	4	hgsvcsim	vg	HG00514	all	call	0.5
Total	1710	24838	2609	25879	0.9356	0.9084	0.9218	5	hgsvcsim	vg	HG00514	all	call	0.5
INS	909	15550	1381	15971	0.9448	0.9204	0.9324	5	hgsvcsim	vg	HG00514	all	call	0.5
DEL	801	9288	1228	9908	0.9206	0.8897	0.9049	5	hgsvcsim	vg	HG00514	all	call	0.5
Total	1656	24551	2843	25645	0.9368	0.9002	0.9181	7	hgsvcsim	vg	HG00514	all	call	0.5
INS	878	15358	1533	15819	0.9459	0.9117	0.9285	7	hgsvcsim	vg	HG00514	all	call	0.5
DEL	778	9193	1310	9826	0.922	0.8824	0.9018	7	hgsvcsim	vg	HG00514	all	call	0.5
Total	1476	23681	3559	24929	0.9413	0.8751	0.907	10	hgsvcsim	vg	HG00514	all	call	0.5
INS	779	14695	2074	15278	0.9497	0.8805	0.9138	10	hgsvcsim	vg	HG00514	all	call	0.5
DEL	697	8986	1485	9651	0.928	0.8666	0.8962	10	hgsvcsim	vg	HG00514	all	call	0.5
Total	1423	23468	3694	24794	0.9428	0.8703	0.9051	12	hgsvcsim	vg	HG00514	all	call	0.5
INS	760	14552	2155	15197	0.9504	0.8758	0.9116	12	hgsvcsim	vg	HG00514	all	call	0.5
DEL	663	8916	1539	9597	0.9308	0.8618	0.895	12	hgsvcsim	vg	HG00514	all	call	0.5
Total	1302	22902	4096	24392	0.9462	0.8562	0.899	14	hgsvcsim	vg	HG00514	all	call	0.5
INS	696	14094	2465	14887	0.9529	0.8579	0.9029	14	hgsvcsim	vg	HG00514	all	call	0.5
DEL	606	8808	1631	9505	0.9356	0.8535	0.8927	14	hgsvcsim	vg	HG00514	all	call	0.5
Total	1013	21604	5092	23396	0.9552	0.8213	0.8832	21	hgsvcsim	vg	HG00514	all	call	0.5
INS	539	13235	3095	14257	0.9609	0.8216	0.8858	21	hgsvcsim	vg	HG00514	all	call	0.5
DEL	474	8369	1997	9139	0.9464	0.8207	0.8791	21	hgsvcsim	vg	HG00514	all	call	0.5
Total	790	20250	6240	22248	0.9625	0.781	0.8623	27	hgsvcsim	vg	HG00514	all	call	0.5
INS	422	12429	3737	13615	0.9672	0.7846	0.8664	27	hgsvcsim	vg	HG00514	all	call	0.5
DEL	368	7821	2503	8633	0.9551	0.7752	0.8558	27	hgsvcsim	vg	HG00514	all	call	0.5
Total	637	19503	6880	21608	0.9684	0.7585	0.8507	35	hgsvcsim	vg	HG00514	all	call	0.5
INS	354	12019	4051	13301	0.9714	0.7665	0.8569	35	hgsvcsim	vg	HG00514	all	call	0.5
DEL	283	7484	2829	8307	0.9636	0.746	0.841	35	hgsvcsim	vg	HG00514	all	call	0.5
Total	465	18053	8137	20351	0.9749	0.7144	0.8246	45	hgsvcsim	vg	HG00514	all	call	0.5
INS	257	11199	4661	12691	0.9776	0.7314	0.8368	45	hgsvcsim	vg	HG00514	all	call	0.5
DEL	208	6854	3476	7660	0.9705	0.6879	0.8051	45	hgsvcsim	vg	HG00514	all	call	0.5
Total	363	17279	8847	19641	0.9794	0.6894	0.8092	50	hgsvcsim	vg	HG00514	all	call	0.5
INS	199	10774	5023	12329	0.9819	0.7105	0.8244	50	hgsvcsim	vg	HG00514	all	call	0.5
DEL	164	6505	3824	7312	0.9754	0.6566	0.7849	50	hgsvcsim	vg	HG00514	all	call	0.5
Total	250	16002	10048	18440	0.9846	0.6473	0.7811	60	hgsvcsim	vg	HG00514	all	call	0.5
INS	133	10094	5620	11732	0.987	0.6761	0.8025	60	hgsvcsim	vg	HG00514	all	call	0.5
DEL	117	5908	4428	6708	0.9806	0.6024	0.7463	60	hgsvcsim	vg	HG00514	all	call	0.5
Total	140	14457	11487	17001	0.9904	0.5968	0.7448	75	hgsvcsim	vg	HG00514	all	call	0.5
INS	65	9123	6449	10903	0.9929	0.6283	0.7696	75	hgsvcsim	vg	HG00514	all	call	0.5
DEL	75	5334	5038	6098	0.9861	0.5476	0.7042	75	hgsvcsim	vg	HG00514	all	call	0.5
Total	97	13378	12409	16079	0.9928	0.5644	0.7197	90	hgsvcsim	vg	HG00514	all	call	0.5
INS	50	8423	6986	10366	0.9941	0.5974	0.7463	90	hgsvcsim	vg	HG00514	all	call	0.5
DEL	47	4955	5423	5713	0.9906	0.513	0.6759	90	hgsvcsim	vg	HG00514	all	call	0.5
Total	61	12795	13009	15479	0.9953	0.5434	0.703	99	hgsvcsim	vg	HG00514	all	call	0.5
INS	28	8025	7383	9969	0.9965	0.5745	0.7288	99	hgsvcsim	vg	HG00514	all	call	0.5
DEL	33	4770	5626	5510	0.9931	0.4948	0.6605	99	hgsvcsim	vg	HG00514	all	call	0.5
Total	50	12055	13688	14800	0.9959	0.5195	0.6828	110	hgsvcsim	vg	HG00514	all	call	0.5
INS	23	7537	7807	9545	0.997	0.5501	0.709	110	hgsvcsim	vg	HG00514	all	call	0.5
DEL	27	4518	5881	5255	0.9941	0.4719	0.64	110	hgsvcsim	vg	HG00514	all	call	0.5
Total	26	10131	15714	12774	0.9974	0.4484	0.6187	133	hgsvcsim	vg	HG00514	all	call	0.5
INS	10	6251	9103	8249	0.9984	0.4754	0.6441	133	hgsvcsim	vg	HG00514	all	call	0.5
DEL	16	3880	6611	4525	0.9959	0.4063	0.5771	133	hgsvcsim	vg	HG00514	all	call	0.5
Total	13	7145	18974	9514	0.9982	0.334	0.5005	167	hgsvcsim	vg	HG00514	all	call	0.5
INS	4	4283	11245	6107	0.9991	0.3519	0.5205	167	hgsvcsim	vg	HG00514	all	call	0.5
DEL	9	2862	7729	3407	0.9969	0.3059	0.4681	167	hgsvcsim	vg	HG00514	all	call	0.5
Total	10	6399	19833	8655	0.9984	0.3038	0.4658	180	hgsvcsim	vg	HG00514	all	call	0.5
INS	2	3783	11825	5527	0.9995	0.3185	0.4831	180	hgsvcsim	vg	HG00514	all	call	0.5
DEL	8	2616	8008	3128	0.997	0.2809	0.4383	180	hgsvcsim	vg	HG00514	all	call	0.5
Total	3	1693	25886	2602	0.9982	0.0913	0.1673	250	hgsvcsim	vg	HG00514	all	call	0.5
INS	1	936	15708	1644	0.9989	0.0947	0.173	250	hgsvcsim	vg	HG00514	all	call	0.5
DEL	2	757	10178	958	0.9974	0.086	0.1583	250	hgsvcsim	vg	HG00514	all	call	0.5
Total	0	0	28488	0	NA	0	NA	350	hgsvcsim	vg	HG00514	all	call	0.5
INS	0	0	17352	0	NA	0	NA	350	hgsvcsim	vg	HG00514	all	call	0.5
DEL	0	0	11136	0	NA	0	NA	350	hgsvcsim	vg	HG00514	all	call	0.5
Total	0	0	28488	0	NA	0	NA	450	hgsvcsim	vg	HG00514	all	call	0.5
INS	0	0	17352	0	NA	0	NA	450	hgsvcsim	vg	HG00514	all	call	0.5
DEL	0	0	11136	0	NA	0	NA	450	hgsvcsim	vg	HG00514	all	call	0.5
Total	0	0	28488	0	NA	0	NA	550	hgsvcsim	vg	HG00514	all	call	0.5
INS	0	0	17352	0	NA	0	NA	550	hgsvcsim	vg	HG00514	all	call	0.5
DEL	0	0	11136	0	NA	0	NA	550	hgsvcsim	vg	HG00514	all	call	0.5
Total	0	0	28488	0	NA	0	NA	650	hgsvcsim	vg	HG00514	all	call	0.5
INS	0	0	17352	0	NA	0	NA	650	hgsvcsim	vg	HG00514	all	call	0.5
DEL	0	0	11136	0	NA	0	NA	650	hgsvcsim	vg	HG00514	all	call	0.5
Total	5502	19877	3638	19877	0.7832	0.8453	0.8131	0	hgsvcsim	vg	HG00514	all	geno	0.5
INS	3269	11857	2110	11857	0.7839	0.8489	0.8151	0	hgsvcsim	vg	HG00514	all	geno	0.5
DEL	2233	8020	1528	8020	0.7822	0.84	0.8101	0	hgsvcsim	vg	HG00514	all	geno	0.5
Total	4851	19084	4431	19084	0.7973	0.8116	0.8044	2	hgsvcsim	vg	HG00514	all	geno	0.5
INS	3063	11634	2333	11634	0.7916	0.833	0.8118	2	hgsvcsim	vg	HG00514	all	geno	0.5
DEL	1788	7450	2098	7450	0.8065	0.7803	0.7932	2	hgsvcsim	vg	HG00514	all	geno	0.5
Total	4623	18916	4599	18916	0.8036	0.8044	0.804	3	hgsvcsim	vg	HG00514	all	geno	0.5
INS	2923	11535	2432	11535	0.7978	0.8259	0.8116	3	hgsvcsim	vg	HG00514	all	geno	0.5
DEL	1700	7381	2167	7381	0.8128	0.773	0.7924	3	hgsvcsim	vg	HG00514	all	geno	0.5
Total	4390	18701	4814	18701	0.8099	0.7953	0.8025	4	hgsvcsim	vg	HG00514	all	geno	0.5
INS	2755	11353	2614	11353	0.8047	0.8128	0.8087	4	hgsvcsim	vg	HG00514	all	geno	0.5
DEL	1635	7348	2200	7348	0.818	0.7696	0.7931	4	hgsvcsim	vg	HG00514	all	geno	0.5
Total	4270	18623	4892	18623	0.8135	0.792	0.8026	5	hgsvcsim	vg	HG00514	all	geno	0.5
INS	2681	11291	2676	11291	0.8081	0.8084	0.8082	5	hgsvcsim	vg	HG00514	all	geno	0.5
DEL	1589	7332	2216	7332	0.8219	0.7679	0.794	5	hgsvcsim	vg	HG00514	all	geno	0.5
Total	4115	18472	5043	18472	0.8178	0.7855	0.8013	7	hgsvcsim	vg	HG00514	all	geno	0.5
INS	2574	11199	2768	11199	0.8131	0.8018	0.8074	7	hgsvcsim	vg	HG00514	all	geno	0.5
DEL	1541	7273	2275	7273	0.8252	0.7617	0.7922	7	hgsvcsim	vg	HG00514	all	geno	0.5
Total	3677	17995	5520	17995	0.8303	0.7653	0.7965	10	hgsvcsim	vg	HG00514	all	geno	0.5
INS	2284	10837	3130	10837	0.8259	0.7759	0.8001	10	hgsvcsim	vg	HG00514	all	geno	0.5
DEL	1393	7158	2390	7158	0.8371	0.7497	0.791	10	hgsvcsim	vg	HG00514	all	geno	0.5
Total	3549	17882	5633	17882	0.8344	0.7605	0.7957	12	hgsvcsim	vg	HG00514	all	geno	0.5
INS	2208	10773	3194	10773	0.8299	0.7713	0.7995	12	hgsvcsim	vg	HG00514	all	geno	0.5
DEL	1341	7109	2439	7109	0.8413	0.7446	0.79	12	hgsvcsim	vg	HG00514	all	geno	0.5
Total	3231	17598	5917	17598	0.8449	0.7484	0.7937	14	hgsvcsim	vg	HG00514	all	geno	0.5
INS	1992	10543	3424	10543	0.8411	0.7549	0.7957	14	hgsvcsim	vg	HG00514	all	geno	0.5
DEL	1239	7055	2493	7055	0.8506	0.7389	0.7908	14	hgsvcsim	vg	HG00514	all	geno	0.5
Total	2548	16899	6616	16899	0.869	0.7186	0.7867	21	hgsvcsim	vg	HG00514	all	geno	0.5
INS	1567	10088	3879	10088	0.8656	0.7223	0.7875	21	hgsvcsim	vg	HG00514	all	geno	0.5
DEL	981	6811	2737	6811	0.8741	0.7133	0.7856	21	hgsvcsim	vg	HG00514	all	geno	0.5
Total	1983	16136	7379	16136	0.8906	0.6862	0.7752	27	hgsvcsim	vg	HG00514	all	geno	0.5
INS	1222	9668	4299	9668	0.8878	0.6922	0.7779	27	hgsvcsim	vg	HG00514	all	geno	0.5
DEL	761	6468	3080	6468	0.8947	0.6774	0.771	27	hgsvcsim	vg	HG00514	all	geno	0.5
Total	1690	15538	7977	15538	0.9019	0.6608	0.7628	35	hgsvcsim	vg	HG00514	all	geno	0.5
INS	1072	9339	4628	9339	0.897	0.6686	0.7661	35	hgsvcsim	vg	HG00514	all	geno	0.5
DEL	618	6199	3349	6199	0.9093	0.6492	0.7575	35	hgsvcsim	vg	HG00514	all	geno	0.5
Total	1322	14462	9053	14462	0.9162	0.615	0.736	45	hgsvcsim	vg	HG00514	all	geno	0.5
INS	847	8787	5180	8787	0.9121	0.6291	0.7446	45	hgsvcsim	vg	HG00514	all	geno	0.5
DEL	475	5675	3873	5675	0.9228	0.5944	0.7231	45	hgsvcsim	vg	HG00514	all	geno	0.5
Total	1133	13899	9616	13899	0.9246	0.5911	0.7212	50	hgsvcsim	vg	HG00514	all	geno	0.5
INS	733	8502	5465	8502	0.9206	0.6087	0.7328	50	hgsvcsim	vg	HG00514	all	geno	0.5
DEL	400	5397	4151	5397	0.931	0.5652	0.7034	50	hgsvcsim	vg	HG00514	all	geno	0.5
Total	876	12855	10660	12855	0.9362	0.5467	0.6903	60	hgsvcsim	vg	HG00514	all	geno	0.5
INS	583	7968	5999	7968	0.9318	0.5705	0.7077	60	hgsvcsim	vg	HG00514	all	geno	0.5
DEL	293	4887	4661	4887	0.9434	0.5118	0.6636	60	hgsvcsim	vg	HG00514	all	geno	0.5
Total	595	11675	11840	11675	0.9515	0.4965	0.6525	75	hgsvcsim	vg	HG00514	all	geno	0.5
INS	402	7263	6704	7263	0.9476	0.52	0.6715	75	hgsvcsim	vg	HG00514	all	geno	0.5
DEL	193	4412	5136	4412	0.9581	0.4621	0.6235	75	hgsvcsim	vg	HG00514	all	geno	0.5
Total	444	10799	12716	10799	0.9605	0.4592	0.6213	90	hgsvcsim	vg	HG00514	all	geno	0.5
INS	315	6702	7265	6702	0.9551	0.4798	0.6387	90	hgsvcsim	vg	HG00514	all	geno	0.5
DEL	129	4097	5451	4097	0.9695	0.4291	0.5949	90	hgsvcsim	vg	HG00514	all	geno	0.5
Total	355	10351	13164	10351	0.9668	0.4402	0.605	99	hgsvcsim	vg	HG00514	all	geno	0.5
INS	251	6406	7561	6406	0.9623	0.4587	0.6213	99	hgsvcsim	vg	HG00514	all	geno	0.5
DEL	104	3945	5603	3945	0.9743	0.4132	0.5803	99	hgsvcsim	vg	HG00514	all	geno	0.5
Total	278	9738	13777	9738	0.9722	0.4141	0.5808	110	hgsvcsim	vg	HG00514	all	geno	0.5
INS	200	5994	7973	5994	0.9677	0.4292	0.5947	110	hgsvcsim	vg	HG00514	all	geno	0.5
DEL	78	3744	5804	3744	0.9796	0.3921	0.56	110	hgsvcsim	vg	HG00514	all	geno	0.5
Total	160	8200	15315	8200	0.9809	0.3487	0.5145	133	hgsvcsim	vg	HG00514	all	geno	0.5
INS	113	4966	9001	4966	0.9778	0.3556	0.5215	133	hgsvcsim	vg	HG00514	all	geno	0.5
DEL	47	3234	6314	3234	0.9857	0.3387	0.5042	133	hgsvcsim	vg	HG00514	all	geno	0.5
Total	83	5797	17718	5797	0.9859	0.2465	0.3944	167	hgsvcsim	vg	HG00514	all	geno	0.5
INS	58	3418	10549	3418	0.9833	0.2447	0.3919	167	hgsvcsim	vg	HG00514	all	geno	0.5
DEL	25	2379	7169	2379	0.9896	0.2492	0.3981	167	hgsvcsim	vg	HG00514	all	geno	0.5
Total	71	5166	18349	5166	0.9864	0.2197	0.3594	180	hgsvcsim	vg	HG00514	all	geno	0.5
INS	48	2989	10978	2989	0.9842	0.214	0.3516	180	hgsvcsim	vg	HG00514	all	geno	0.5
DEL	23	2177	7371	2177	0.9895	0.228	0.3706	180	hgsvcsim	vg	HG00514	all	geno	0.5
Total	15	1327	22188	1327	0.9888	0.0564	0.1067	250	hgsvcsim	vg	HG00514	all	geno	0.5
INS	8	718	13249	718	0.989	0.0514	0.0977	250	hgsvcsim	vg	HG00514	all	geno	0.5
DEL	7	609	8939	609	0.9886	0.0638	0.1199	250	hgsvcsim	vg	HG00514	all	geno	0.5
Total	0	0	23515	0	NA	0	NA	350	hgsvcsim	vg	HG00514	all	geno	0.5
INS	0	0	13967	0	NA	0	NA	350	hgsvcsim	vg	HG00514	all	geno	0.5
DEL	0	0	9548	0	NA	0	NA	350	hgsvcsim	vg	HG00514	all	geno	0.5
Total	0	0	23515	0	NA	0	NA	450	hgsvcsim	vg	HG00514	all	geno	0.5
INS	0	0	13967	0	NA	0	NA	450	hgsvcsim	vg	HG00514	all	geno	0.5
DEL	0	0	9548	0	NA	0	NA	450	hgsvcsim	vg	HG00514	all	geno	0.5
Total	0	0	23515	0	NA	0	NA	550	hgsvcsim	vg	HG00514	all	geno	0.5
INS	0	0	13967	0	NA	0	NA	550	hgsvcsim	vg	HG00514	all	geno	0.5
DEL	0	0	9548	0	NA	0	NA	550	hgsvcsim	vg	HG00514	all	geno	0.5
Total	0	0	23515	0	NA	0	NA	650	hgsvcsim	vg	HG00514	all	geno	0.5
INS	0	0	13967	0	NA	0	NA	650	hgsvcsim	vg	HG00514	all	geno	0.5
DEL	0	0	9548	0	NA	0	NA	650	hgsvcsim	vg	HG00514	all	geno	0.5
Total	295	7044	225	7400	0.9598	0.9705	0.9651	0	hgsvcsim	vg	HG00514	highconf	call	0.5
INS	216	4063	178	4376	0.9495	0.9609	0.9552	0	hgsvcsim	vg	HG00514	highconf	call	0.5
DEL	79	2981	47	3024	0.9742	0.9847	0.9794	0	hgsvcsim	vg	HG00514	highconf	call	0.5
Total	262	6876	426	7199	0.9633	0.9441	0.9536	2	hgsvcsim	vg	HG00514	highconf	call	0.5
INS	203	4002	255	4299	0.9517	0.944	0.9478	2	hgsvcsim	vg	HG00514	highconf	call	0.5
DEL	59	2874	171	2900	0.9799	0.9443	0.9618	2	hgsvcsim	vg	HG00514	highconf	call	0.5
Total	252	6828	480	7145	0.9644	0.937	0.9505	3	hgsvcsim	vg	HG00514	highconf	call	0.5
INS	196	3962	299	4255	0.9529	0.9343	0.9435	3	hgsvcsim	vg	HG00514	highconf	call	0.5
DEL	56	2866	181	2890	0.9808	0.9411	0.9605	3	hgsvcsim	vg	HG00514	highconf	call	0.5
Total	238	6713	649	6976	0.9658	0.9149	0.9397	4	hgsvcsim	vg	HG00514	highconf	call	0.5
INS	183	3850	466	4088	0.9546	0.8977	0.9253	4	hgsvcsim	vg	HG00514	highconf	call	0.5
DEL	55	2863	183	2888	0.9812	0.9404	0.9604	4	hgsvcsim	vg	HG00514	highconf	call	0.5
Total	232	6686	691	6934	0.9665	0.9094	0.9371	5	hgsvcsim	vg	HG00514	highconf	call	0.5
INS	179	3823	508	4046	0.9553	0.8884	0.9206	5	hgsvcsim	vg	HG00514	highconf	call	0.5
DEL	53	2863	183	2888	0.9818	0.9404	0.9607	5	hgsvcsim	vg	HG00514	highconf	call	0.5
Total	229	6634	766	6859	0.9666	0.8995	0.9318	7	hgsvcsim	vg	HG00514	highconf	call	0.5
INS	177	3772	582	3972	0.9552	0.8722	0.9118	7	hgsvcsim	vg	HG00514	highconf	call	0.5
DEL	52	2862	184	2887	0.9822	0.9401	0.9607	7	hgsvcsim	vg	HG00514	highconf	call	0.5
Total	197	6420	1071	6554	0.9702	0.8595	0.9115	10	hgsvcsim	vg	HG00514	highconf	call	0.5
INS	151	3567	879	3675	0.9594	0.807	0.8766	10	hgsvcsim	vg	HG00514	highconf	call	0.5
DEL	46	2853	192	2879	0.9841	0.9375	0.9602	10	hgsvcsim	vg	HG00514	highconf	call	0.5
Total	192	6391	1107	6518	0.9708	0.8548	0.9091	12	hgsvcsim	vg	HG00514	highconf	call	0.5
INS	150	3542	911	3643	0.9594	0.8	0.8725	12	hgsvcsim	vg	HG00514	highconf	call	0.5
DEL	42	2849	196	2875	0.9855	0.9362	0.9602	12	hgsvcsim	vg	HG00514	highconf	call	0.5
Total	183	6265	1250	6375	0.9716	0.8361	0.8988	14	hgsvcsim	vg	HG00514	highconf	call	0.5
INS	145	3423	1048	3506	0.9594	0.7699	0.8543	14	hgsvcsim	vg	HG00514	highconf	call	0.5
DEL	38	2842	202	2869	0.9868	0.9342	0.9598	14	hgsvcsim	vg	HG00514	highconf	call	0.5
Total	146	6033	1529	6096	0.9764	0.7995	0.8791	21	hgsvcsim	vg	HG00514	highconf	call	0.5
INS	118	3232	1284	3270	0.9648	0.7181	0.8234	21	hgsvcsim	vg	HG00514	highconf	call	0.5
DEL	28	2801	245	2826	0.9901	0.9202	0.9539	21	hgsvcsim	vg	HG00514	highconf	call	0.5
Total	109	5809	1785	5840	0.9816	0.7659	0.8604	27	hgsvcsim	vg	HG00514	highconf	call	0.5
INS	87	3050	1493	3061	0.9723	0.6722	0.7949	27	hgsvcsim	vg	HG00514	highconf	call	0.5
DEL	22	2759	292	2779	0.9921	0.9049	0.9465	27	hgsvcsim	vg	HG00514	highconf	call	0.5
Total	88	5618	1980	5645	0.9846	0.7403	0.8451	35	hgsvcsim	vg	HG00514	highconf	call	0.5
INS	75	2948	1594	2960	0.9752	0.65	0.7801	35	hgsvcsim	vg	HG00514	highconf	call	0.5
DEL	13	2670	386	2685	0.9952	0.8743	0.9308	35	hgsvcsim	vg	HG00514	highconf	call	0.5
Total	67	5209	2386	5239	0.9873	0.6871	0.8103	45	hgsvcsim	vg	HG00514	highconf	call	0.5
INS	58	2743	1793	2761	0.9793	0.6063	0.7489	45	hgsvcsim	vg	HG00514	highconf	call	0.5
DEL	9	2466	593	2478	0.9964	0.8069	0.8917	45	hgsvcsim	vg	HG00514	highconf	call	0.5
Total	54	4994	2596	5029	0.9893	0.6595	0.7914	50	hgsvcsim	vg	HG00514	highconf	call	0.5
INS	46	2637	1894	2660	0.9829	0.5841	0.7328	50	hgsvcsim	vg	HG00514	highconf	call	0.5
DEL	8	2357	702	2369	0.9966	0.7714	0.8697	50	hgsvcsim	vg	HG00514	highconf	call	0.5
Total	31	4527	3061	4564	0.9932	0.5986	0.747	60	hgsvcsim	vg	HG00514	highconf	call	0.5
INS	27	2417	2112	2442	0.989	0.5362	0.6954	60	hgsvcsim	vg	HG00514	highconf	call	0.5
DEL	4	2110	949	2122	0.9981	0.691	0.8166	60	hgsvcsim	vg	HG00514	highconf	call	0.5
Total	15	4076	3515	4110	0.9963	0.539	0.6995	75	hgsvcsim	vg	HG00514	highconf	call	0.5
INS	12	2148	2384	2170	0.9944	0.4765	0.6443	75	hgsvcsim	vg	HG00514	highconf	call	0.5
DEL	3	1928	1131	1940	0.9984	0.6317	0.7738	75	hgsvcsim	vg	HG00514	highconf	call	0.5
Total	9	3791	3798	3827	0.9976	0.5019	0.6678	90	hgsvcsim	vg	HG00514	highconf	call	0.5
INS	8	1959	2568	1986	0.9959	0.4361	0.6066	90	hgsvcsim	vg	HG00514	highconf	call	0.5
DEL	1	1832	1230	1841	0.9995	0.5995	0.7495	90	hgsvcsim	vg	HG00514	highconf	call	0.5
Total	6	3666	3919	3706	0.9984	0.486	0.6538	99	hgsvcsim	vg	HG00514	highconf	call	0.5
INS	5	1863	2658	1896	0.9973	0.4163	0.5874	99	hgsvcsim	vg	HG00514	highconf	call	0.5
DEL	1	1803	1261	1810	0.9994	0.5894	0.7415	99	hgsvcsim	vg	HG00514	highconf	call	0.5
Total	5	3479	4099	3526	0.9986	0.4624	0.6321	110	hgsvcsim	vg	HG00514	highconf	call	0.5
INS	5	1726	2786	1768	0.9971	0.3882	0.5588	110	hgsvcsim	vg	HG00514	highconf	call	0.5
DEL	0	1753	1313	1758	1	0.5725	0.7281	110	hgsvcsim	vg	HG00514	highconf	call	0.5
Total	2	3024	4552	3073	0.9993	0.403	0.5744	133	hgsvcsim	vg	HG00514	highconf	call	0.5
INS	2	1433	3076	1478	0.9986	0.3245	0.4898	133	hgsvcsim	vg	HG00514	highconf	call	0.5
DEL	0	1591	1476	1595	1	0.5194	0.6837	133	hgsvcsim	vg	HG00514	highconf	call	0.5
Total	1	2250	5326	2299	0.9996	0.3015	0.4633	167	hgsvcsim	vg	HG00514	highconf	call	0.5
INS	1	983	3526	1028	0.999	0.2257	0.3682	167	hgsvcsim	vg	HG00514	highconf	call	0.5
DEL	0	1267	1800	1271	1	0.4139	0.5855	167	hgsvcsim	vg	HG00514	highconf	call	0.5
Total	1	2065	5510	2115	0.9995	0.2774	0.4343	180	hgsvcsim	vg	HG00514	highconf	call	0.5
INS	1	882	3626	928	0.9989	0.2038	0.3385	180	hgsvcsim	vg	HG00514	highconf	call	0.5
DEL	0	1183	1884	1187	1	0.3865	0.5575	180	hgsvcsim	vg	HG00514	highconf	call	0.5
Total	0	569	7036	589	1	0.0772	0.1433	250	hgsvcsim	vg	HG00514	highconf	call	0.5
INS	0	204	4331	223	1	0.049	0.0934	250	hgsvcsim	vg	HG00514	highconf	call	0.5
DEL	0	365	2705	366	1	0.1192	0.213	250	hgsvcsim	vg	HG00514	highconf	call	0.5
Total	0	0	7625	0	NA	0	NA	350	hgsvcsim	vg	HG00514	highconf	call	0.5
INS	0	0	4554	0	NA	0	NA	350	hgsvcsim	vg	HG00514	highconf	call	0.5
DEL	0	0	3071	0	NA	0	NA	350	hgsvcsim	vg	HG00514	highconf	call	0.5
Total	0	0	7625	0	NA	0	NA	450	hgsvcsim	vg	HG00514	highconf	call	0.5
INS	0	0	4554	0	NA	0	NA	450	hgsvcsim	vg	HG00514	highconf	call	0.5
DEL	0	0	3071	0	NA	0	NA	450	hgsvcsim	vg	HG00514	highconf	call	0.5
Total	0	0	7625	0	NA	0	NA	550	hgsvcsim	vg	HG00514	highconf	call	0.5
INS	0	0	4554	0	NA	0	NA	550	hgsvcsim	vg	HG00514	highconf	call	0.5
DEL	0	0	3071	0	NA	0	NA	550	hgsvcsim	vg	HG00514	highconf	call	0.5
Total	0	0	7625	0	NA	0	NA	650	hgsvcsim	vg	HG00514	highconf	call	0.5
INS	0	0	4554	0	NA	0	NA	650	hgsvcsim	vg	HG00514	highconf	call	0.5
DEL	0	0	3071	0	NA	0	NA	650	hgsvcsim	vg	HG00514	highconf	call	0.5
Total	644	5870	493	5864	0.9011	0.9224	0.9116	0	hgsvcsim	vg	HG00514	highconf	geno	0.5
INS	528	3246	406	3240	0.8601	0.8886	0.8741	0	hgsvcsim	vg	HG00514	highconf	geno	0.5
DEL	116	2624	87	2624	0.9577	0.9679	0.9628	0	hgsvcsim	vg	HG00514	highconf	geno	0.5
Total	567	5754	608	5749	0.9103	0.9044	0.9073	2	hgsvcsim	vg	HG00514	highconf	geno	0.5
INS	495	3210	441	3205	0.8664	0.879	0.8727	2	hgsvcsim	vg	HG00514	highconf	geno	0.5
DEL	72	2544	167	2544	0.9725	0.9384	0.9551	2	hgsvcsim	vg	HG00514	highconf	geno	0.5
Total	542	5728	634	5723	0.9136	0.9003	0.9069	3	hgsvcsim	vg	HG00514	highconf	geno	0.5
INS	475	3190	461	3185	0.8704	0.8736	0.872	3	hgsvcsim	vg	HG00514	highconf	geno	0.5
DEL	67	2538	173	2538	0.9743	0.9362	0.9549	3	hgsvcsim	vg	HG00514	highconf	geno	0.5
Total	511	5634	728	5629	0.9168	0.8855	0.9009	4	hgsvcsim	vg	HG00514	highconf	geno	0.5
INS	447	3097	554	3092	0.8739	0.8481	0.8608	4	hgsvcsim	vg	HG00514	highconf	geno	0.5
DEL	64	2537	174	2537	0.9754	0.9358	0.9552	4	hgsvcsim	vg	HG00514	highconf	geno	0.5
Total	496	5618	744	5613	0.9189	0.883	0.9006	5	hgsvcsim	vg	HG00514	highconf	geno	0.5
INS	434	3081	570	3076	0.8765	0.8437	0.8598	5	hgsvcsim	vg	HG00514	highconf	geno	0.5
DEL	62	2537	174	2537	0.9761	0.9358	0.9555	5	hgsvcsim	vg	HG00514	highconf	geno	0.5
Total	476	5584	778	5579	0.9215	0.8776	0.899	7	hgsvcsim	vg	HG00514	highconf	geno	0.5
INS	415	3048	603	3043	0.8802	0.8346	0.8568	7	hgsvcsim	vg	HG00514	highconf	geno	0.5
DEL	61	2536	175	2536	0.9765	0.9354	0.9555	7	hgsvcsim	vg	HG00514	highconf	geno	0.5
Total	408	5422	940	5417	0.93	0.8521	0.8893	10	hgsvcsim	vg	HG00514	highconf	geno	0.5
INS	354	2892	759	2887	0.8909	0.7918	0.8384	10	hgsvcsim	vg	HG00514	highconf	geno	0.5
DEL	54	2530	181	2530	0.9791	0.9332	0.9556	10	hgsvcsim	vg	HG00514	highconf	geno	0.5
Total	399	5400	961	5396	0.9312	0.8488	0.8881	12	hgsvcsim	vg	HG00514	highconf	geno	0.5
INS	350	2873	777	2869	0.8914	0.7869	0.8359	12	hgsvcsim	vg	HG00514	highconf	geno	0.5
DEL	49	2527	184	2527	0.981	0.9321	0.9559	12	hgsvcsim	vg	HG00514	highconf	geno	0.5
Total	362	5316	1045	5312	0.9362	0.8356	0.883	14	hgsvcsim	vg	HG00514	highconf	geno	0.5
INS	318	2793	857	2789	0.8978	0.7649	0.826	14	hgsvcsim	vg	HG00514	highconf	geno	0.5
DEL	44	2523	188	2523	0.9829	0.9307	0.9561	14	hgsvcsim	vg	HG00514	highconf	geno	0.5
Total	273	5158	1203	5154	0.9497	0.8108	0.8748	21	hgsvcsim	vg	HG00514	highconf	geno	0.5
INS	242	2664	986	2660	0.9167	0.7296	0.8125	21	hgsvcsim	vg	HG00514	highconf	geno	0.5
DEL	31	2494	217	2494	0.9877	0.92	0.9526	21	hgsvcsim	vg	HG00514	highconf	geno	0.5
Total	193	5002	1358	4999	0.9628	0.7864	0.8657	27	hgsvcsim	vg	HG00514	highconf	geno	0.5
INS	169	2548	1101	2545	0.9378	0.698	0.8003	27	hgsvcsim	vg	HG00514	highconf	geno	0.5
DEL	24	2454	257	2454	0.9903	0.9052	0.9458	27	hgsvcsim	vg	HG00514	highconf	geno	0.5
Total	167	4827	1532	4825	0.9666	0.759	0.8503	35	hgsvcsim	vg	HG00514	highconf	geno	0.5
INS	152	2462	1186	2460	0.9419	0.6747	0.7862	35	hgsvcsim	vg	HG00514	highconf	geno	0.5
DEL	15	2365	346	2365	0.9937	0.8724	0.9291	35	hgsvcsim	vg	HG00514	highconf	geno	0.5
Total	127	4458	1900	4457	0.9723	0.7011	0.8147	45	hgsvcsim	vg	HG00514	highconf	geno	0.5
INS	118	2293	1354	2292	0.9511	0.6286	0.7569	45	hgsvcsim	vg	HG00514	highconf	geno	0.5
DEL	9	2165	546	2165	0.9959	0.7986	0.8864	45	hgsvcsim	vg	HG00514	highconf	geno	0.5
Total	108	4258	2100	4257	0.9753	0.6697	0.7941	50	hgsvcsim	vg	HG00514	highconf	geno	0.5
INS	100	2201	1446	2200	0.9565	0.6034	0.74	50	hgsvcsim	vg	HG00514	highconf	geno	0.5
DEL	8	2057	654	2057	0.9961	0.7588	0.8614	50	hgsvcsim	vg	HG00514	highconf	geno	0.5
Total	73	3840	2517	3840	0.9813	0.6041	0.7478	60	hgsvcsim	vg	HG00514	highconf	geno	0.5
INS	69	2024	1622	2024	0.967	0.5551	0.7053	60	hgsvcsim	vg	HG00514	highconf	geno	0.5
DEL	4	1816	895	1816	0.9978	0.6699	0.8016	60	hgsvcsim	vg	HG00514	highconf	geno	0.5
Total	42	3449	2908	3449	0.988	0.5426	0.7005	75	hgsvcsim	vg	HG00514	highconf	geno	0.5
INS	39	1812	1834	1812	0.9789	0.497	0.6593	75	hgsvcsim	vg	HG00514	highconf	geno	0.5
DEL	3	1637	1074	1637	0.9982	0.6038	0.7525	75	hgsvcsim	vg	HG00514	highconf	geno	0.5
Total	30	3206	3151	3206	0.9907	0.5043	0.6684	90	hgsvcsim	vg	HG00514	highconf	geno	0.5
INS	29	1656	1990	1656	0.9828	0.4542	0.6213	90	hgsvcsim	vg	HG00514	highconf	geno	0.5
DEL	1	1550	1161	1550	0.9994	0.5717	0.7273	90	hgsvcsim	vg	HG00514	highconf	geno	0.5
Total	25	3109	3248	3109	0.992	0.4891	0.6552	99	hgsvcsim	vg	HG00514	highconf	geno	0.5
INS	24	1582	2064	1582	0.9851	0.4339	0.6024	99	hgsvcsim	vg	HG00514	highconf	geno	0.5
DEL	1	1527	1184	1527	0.9993	0.5633	0.7205	99	hgsvcsim	vg	HG00514	highconf	geno	0.5
Total	18	2961	3396	2961	0.994	0.4658	0.6343	110	hgsvcsim	vg	HG00514	highconf	geno	0.5
INS	18	1476	2170	1476	0.988	0.4048	0.5743	110	hgsvcsim	vg	HG00514	highconf	geno	0.5
DEL	0	1485	1226	1485	1	0.5478	0.7078	110	hgsvcsim	vg	HG00514	highconf	geno	0.5
Total	10	2598	3759	2598	0.9962	0.4087	0.5796	133	hgsvcsim	vg	HG00514	highconf	geno	0.5
INS	10	1245	2401	1245	0.992	0.3415	0.5081	133	hgsvcsim	vg	HG00514	highconf	geno	0.5
DEL	0	1353	1358	1353	1	0.4991	0.6659	133	hgsvcsim	vg	HG00514	highconf	geno	0.5
Total	5	1950	4407	1950	0.9974	0.3067	0.4691	167	hgsvcsim	vg	HG00514	highconf	geno	0.5
INS	5	872	2774	872	0.9943	0.2392	0.3856	167	hgsvcsim	vg	HG00514	highconf	geno	0.5
DEL	0	1078	1633	1078	1	0.3976	0.569	167	hgsvcsim	vg	HG00514	highconf	geno	0.5
Total	3	1786	4571	1786	0.9983	0.281	0.4386	180	hgsvcsim	vg	HG00514	highconf	geno	0.5
INS	3	778	2868	778	0.9962	0.2134	0.3515	180	hgsvcsim	vg	HG00514	highconf	geno	0.5
DEL	0	1008	1703	1008	1	0.3718	0.5421	180	hgsvcsim	vg	HG00514	highconf	geno	0.5
Total	0	476	5881	476	1	0.0749	0.1394	250	hgsvcsim	vg	HG00514	highconf	geno	0.5
INS	0	181	3465	181	1	0.0496	0.0945	250	hgsvcsim	vg	HG00514	highconf	geno	0.5
DEL	0	295	2416	295	1	0.1088	0.1962	250	hgsvcsim	vg	HG00514	highconf	geno	0.5
Total	0	0	6357	0	NA	0	NA	350	hgsvcsim	vg	HG00514	highconf	geno	0.5
INS	0	0	3646	0	NA	0	NA	350	hgsvcsim	vg	HG00514	highconf	geno	0.5
DEL	0	0	2711	0	NA	0	NA	350	hgsvcsim	vg	HG00514	highconf	geno	0.5
Total	0	0	6357	0	NA	0	NA	450	hgsvcsim	vg	HG00514	highconf	geno	0.5
INS	0	0	3646	0	NA	0	NA	450	hgsvcsim	vg	HG00514	highconf	geno	0.5
DEL	0	0	2711	0	NA	0	NA	450	hgsvcsim	vg	HG00514	highconf	geno	0.5
Total	0	0	6357	0	NA	0	NA	550	hgsvcsim	vg	HG00514	highconf	geno	0.5
INS	0	0	3646	0	NA	0	NA	550	hgsvcsim	vg	HG00514	highconf	geno	0.5
DEL	0	0	2711	0	NA	0	NA	550	hgsvcsim	vg	HG00514	highconf	geno	0.5
Total	0	0	6357	0	NA	0	NA	650	hgsvcsim	vg	HG00514	highconf	geno	0.5
INS	0	0	3646	0	NA	0	NA	650	hgsvcsim	vg	HG00514	highconf	geno	0.5
DEL	0	0	2711	0	NA	0	NA	650	hgsvcsim	vg	HG00514	highconf	geno	0.5
Total	584	66062	4602	23886	0.9912	0.8385	0.9085	0	hgsvcsim	graphtyper	HG00514	all	call	0.5
INS	459	48885	2720	14632	0.9907	0.8432	0.911	0	hgsvcsim	graphtyper	HG00514	all	call	0.5
DEL	125	17177	1882	9254	0.9928	0.831	0.9047	0	hgsvcsim	graphtyper	HG00514	all	call	0.5
Total	565	65270	4703	23785	0.9914	0.8349	0.9064	2	hgsvcsim	graphtyper	HG00514	all	call	0.5
INS	440	48583	2779	14573	0.991	0.8398	0.9092	2	hgsvcsim	graphtyper	HG00514	all	call	0.5
DEL	125	16687	1924	9212	0.9926	0.8272	0.9024	2	hgsvcsim	graphtyper	HG00514	all	call	0.5
Total	562	65121	4739	23749	0.9914	0.8336	0.9057	3	hgsvcsim	graphtyper	HG00514	all	call	0.5
INS	437	48440	2815	14537	0.9911	0.8378	0.908	3	hgsvcsim	graphtyper	HG00514	all	call	0.5
DEL	125	16681	1924	9212	0.9926	0.8272	0.9024	3	hgsvcsim	graphtyper	HG00514	all	call	0.5
Total	535	64599	4869	23619	0.9918	0.8291	0.9032	4	hgsvcsim	graphtyper	HG00514	all	call	0.5
INS	414	48098	2901	14451	0.9915	0.8328	0.9052	4	hgsvcsim	graphtyper	HG00514	all	call	0.5
DEL	121	16501	1968	9168	0.9927	0.8233	0.9001	4	hgsvcsim	graphtyper	HG00514	all	call	0.5
Total	531	64436	4912	23576	0.9918	0.8276	0.9023	5	hgsvcsim	graphtyper	HG00514	all	call	0.5
INS	410	47943	2944	14408	0.9915	0.8303	0.9038	5	hgsvcsim	graphtyper	HG00514	all	call	0.5
DEL	121	16493	1968	9168	0.9927	0.8233	0.9001	5	hgsvcsim	graphtyper	HG00514	all	call	0.5
Total	503	63626	5174	23314	0.9922	0.8184	0.897	7	hgsvcsim	graphtyper	HG00514	all	call	0.5
INS	390	47284	3158	14194	0.9918	0.818	0.8966	7	hgsvcsim	graphtyper	HG00514	all	call	0.5
DEL	113	16342	2016	9120	0.9931	0.819	0.8977	7	hgsvcsim	graphtyper	HG00514	all	call	0.5
Total	483	61778	5618	22870	0.9922	0.8028	0.8875	10	hgsvcsim	graphtyper	HG00514	all	call	0.5
INS	370	45851	3483	13869	0.992	0.7993	0.8853	10	hgsvcsim	graphtyper	HG00514	all	call	0.5
DEL	113	15927	2135	9001	0.993	0.8083	0.8912	10	hgsvcsim	graphtyper	HG00514	all	call	0.5
Total	482	61615	5708	22780	0.9922	0.7996	0.8855	12	hgsvcsim	graphtyper	HG00514	all	call	0.5
INS	369	45696	3572	13780	0.992	0.7941	0.8821	12	hgsvcsim	graphtyper	HG00514	all	call	0.5
DEL	113	15919	2136	9000	0.993	0.8082	0.8911	12	hgsvcsim	graphtyper	HG00514	all	call	0.5
Total	457	59857	6115	22373	0.9924	0.7853	0.8768	14	hgsvcsim	graphtyper	HG00514	all	call	0.5
INS	347	44484	3823	13529	0.9923	0.7797	0.8732	14	hgsvcsim	graphtyper	HG00514	all	call	0.5
DEL	110	15373	2292	8844	0.9929	0.7942	0.8825	14	hgsvcsim	graphtyper	HG00514	all	call	0.5
Total	439	56278	6840	21648	0.9923	0.7599	0.8607	21	hgsvcsim	graphtyper	HG00514	all	call	0.5
INS	338	41983	4217	13135	0.992	0.757	0.8587	21	hgsvcsim	graphtyper	HG00514	all	call	0.5
DEL	101	14295	2623	8513	0.993	0.7645	0.8639	21	hgsvcsim	graphtyper	HG00514	all	call	0.5
Total	414	52246	7695	20793	0.9921	0.7299	0.841	27	hgsvcsim	graphtyper	HG00514	all	call	0.5
INS	325	39111	4666	12686	0.9918	0.7311	0.8417	27	hgsvcsim	graphtyper	HG00514	all	call	0.5
DEL	89	13135	3029	8107	0.9933	0.728	0.8402	27	hgsvcsim	graphtyper	HG00514	all	call	0.5
Total	362	45596	9562	18926	0.9921	0.6643	0.7958	35	hgsvcsim	graphtyper	HG00514	all	call	0.5
INS	293	34452	5606	11746	0.9916	0.6769	0.8046	35	hgsvcsim	graphtyper	HG00514	all	call	0.5
DEL	69	11144	3956	7180	0.9938	0.6448	0.7821	35	hgsvcsim	graphtyper	HG00514	all	call	0.5
Total	295	38876	11537	16951	0.9925	0.595	0.744	45	hgsvcsim	graphtyper	HG00514	all	call	0.5
INS	246	29715	6558	10794	0.9918	0.6221	0.7646	45	hgsvcsim	graphtyper	HG00514	all	call	0.5
DEL	49	9161	4979	6157	0.9947	0.5529	0.7107	45	hgsvcsim	graphtyper	HG00514	all	call	0.5
Total	255	34376	12963	15525	0.9926	0.545	0.7037	50	hgsvcsim	graphtyper	HG00514	all	call	0.5
INS	211	26436	7321	10031	0.9921	0.5781	0.7305	50	hgsvcsim	graphtyper	HG00514	all	call	0.5
DEL	44	7940	5642	5494	0.9945	0.4934	0.6596	50	hgsvcsim	graphtyper	HG00514	all	call	0.5
Total	204	28739	14899	13589	0.993	0.477	0.6444	60	hgsvcsim	graphtyper	HG00514	all	call	0.5
INS	172	22357	8354	8998	0.9924	0.5186	0.6812	60	hgsvcsim	graphtyper	HG00514	all	call	0.5
DEL	32	6382	6545	4591	0.995	0.4123	0.583	60	hgsvcsim	graphtyper	HG00514	all	call	0.5
Total	129	20481	18006	10482	0.9937	0.3679	0.537	75	hgsvcsim	graphtyper	HG00514	all	call	0.5
INS	107	16178	10090	7262	0.9934	0.4185	0.5889	75	hgsvcsim	graphtyper	HG00514	all	call	0.5
DEL	22	4303	7916	3220	0.9949	0.2892	0.4481	75	hgsvcsim	graphtyper	HG00514	all	call	0.5
Total	82	14434	20288	8200	0.9944	0.2878	0.4464	90	hgsvcsim	graphtyper	HG00514	all	call	0.5
INS	72	11655	11358	5994	0.9939	0.3454	0.5126	90	hgsvcsim	graphtyper	HG00514	all	call	0.5
DEL	10	2779	8930	2206	0.9964	0.1981	0.3305	90	hgsvcsim	graphtyper	HG00514	all	call	0.5
Total	69	12093	21484	7004	0.9943	0.2459	0.3943	99	hgsvcsim	graphtyper	HG00514	all	call	0.5
INS	61	10038	12028	5324	0.994	0.3068	0.4689	99	hgsvcsim	graphtyper	HG00514	all	call	0.5
DEL	8	2055	9456	1680	0.9961	0.1509	0.2621	99	hgsvcsim	graphtyper	HG00514	all	call	0.5
Total	0	0	28488	0	NA	0	NA	110	hgsvcsim	graphtyper	HG00514	all	call	0.5
INS	0	0	17352	0	NA	0	NA	110	hgsvcsim	graphtyper	HG00514	all	call	0.5
DEL	0	0	11136	0	NA	0	NA	110	hgsvcsim	graphtyper	HG00514	all	call	0.5
Total	0	0	28488	0	NA	0	NA	133	hgsvcsim	graphtyper	HG00514	all	call	0.5
INS	0	0	17352	0	NA	0	NA	133	hgsvcsim	graphtyper	HG00514	all	call	0.5
DEL	0	0	11136	0	NA	0	NA	133	hgsvcsim	graphtyper	HG00514	all	call	0.5
Total	0	0	28488	0	NA	0	NA	167	hgsvcsim	graphtyper	HG00514	all	call	0.5
INS	0	0	17352	0	NA	0	NA	167	hgsvcsim	graphtyper	HG00514	all	call	0.5
DEL	0	0	11136	0	NA	0	NA	167	hgsvcsim	graphtyper	HG00514	all	call	0.5
Total	0	0	28488	0	NA	0	NA	180	hgsvcsim	graphtyper	HG00514	all	call	0.5
INS	0	0	17352	0	NA	0	NA	180	hgsvcsim	graphtyper	HG00514	all	call	0.5
DEL	0	0	11136	0	NA	0	NA	180	hgsvcsim	graphtyper	HG00514	all	call	0.5
Total	0	0	28488	0	NA	0	NA	250	hgsvcsim	graphtyper	HG00514	all	call	0.5
INS	0	0	17352	0	NA	0	NA	250	hgsvcsim	graphtyper	HG00514	all	call	0.5
DEL	0	0	11136	0	NA	0	NA	250	hgsvcsim	graphtyper	HG00514	all	call	0.5
Total	0	0	28488	0	NA	0	NA	350	hgsvcsim	graphtyper	HG00514	all	call	0.5
INS	0	0	17352	0	NA	0	NA	350	hgsvcsim	graphtyper	HG00514	all	call	0.5
DEL	0	0	11136	0	NA	0	NA	350	hgsvcsim	graphtyper	HG00514	all	call	0.5
Total	0	0	28488	0	NA	0	NA	450	hgsvcsim	graphtyper	HG00514	all	call	0.5
INS	0	0	17352	0	NA	0	NA	450	hgsvcsim	graphtyper	HG00514	all	call	0.5
DEL	0	0	11136	0	NA	0	NA	450	hgsvcsim	graphtyper	HG00514	all	call	0.5
Total	0	0	28488	0	NA	0	NA	550	hgsvcsim	graphtyper	HG00514	all	call	0.5
INS	0	0	17352	0	NA	0	NA	550	hgsvcsim	graphtyper	HG00514	all	call	0.5
DEL	0	0	11136	0	NA	0	NA	550	hgsvcsim	graphtyper	HG00514	all	call	0.5
Total	0	0	28488	0	NA	0	NA	650	hgsvcsim	graphtyper	HG00514	all	call	0.5
INS	0	0	17352	0	NA	0	NA	650	hgsvcsim	graphtyper	HG00514	all	call	0.5
DEL	0	0	11136	0	NA	0	NA	650	hgsvcsim	graphtyper	HG00514	all	call	0.5
Total	38434	10788	12727	10788	0.2192	0.4588	0.2967	0	hgsvcsim	graphtyper	HG00514	all	geno	0.5
INS	30074	7421	6546	7421	0.1979	0.5313	0.2884	0	hgsvcsim	graphtyper	HG00514	all	geno	0.5
DEL	8360	3367	6181	3367	0.2871	0.3526	0.3165	0	hgsvcsim	graphtyper	HG00514	all	geno	0.5
Total	38052	10675	12840	10675	0.2191	0.454	0.2956	2	hgsvcsim	graphtyper	HG00514	all	geno	0.5
INS	29918	7330	6637	7330	0.1968	0.5248	0.2863	2	hgsvcsim	graphtyper	HG00514	all	geno	0.5
DEL	8134	3345	6203	3345	0.2914	0.3503	0.3181	2	hgsvcsim	graphtyper	HG00514	all	geno	0.5
Total	37964	10635	12880	10635	0.2188	0.4523	0.2949	3	hgsvcsim	graphtyper	HG00514	all	geno	0.5
INS	29834	7291	6676	7291	0.1964	0.522	0.2854	3	hgsvcsim	graphtyper	HG00514	all	geno	0.5
DEL	8130	3344	6204	3344	0.2914	0.3502	0.3181	3	hgsvcsim	graphtyper	HG00514	all	geno	0.5
Total	37631	10534	12981	10534	0.2187	0.448	0.2939	4	hgsvcsim	graphtyper	HG00514	all	geno	0.5
INS	29616	7210	6757	7210	0.1958	0.5162	0.2839	4	hgsvcsim	graphtyper	HG00514	all	geno	0.5
DEL	8015	3324	6224	3324	0.2931	0.3481	0.3182	4	hgsvcsim	graphtyper	HG00514	all	geno	0.5
Total	37535	10492	13023	10492	0.2185	0.4462	0.2933	5	hgsvcsim	graphtyper	HG00514	all	geno	0.5
INS	29527	7170	6797	7170	0.1954	0.5134	0.2831	5	hgsvcsim	graphtyper	HG00514	all	geno	0.5
DEL	8008	3322	6226	3322	0.2932	0.3479	0.3182	5	hgsvcsim	graphtyper	HG00514	all	geno	0.5
Total	37078	10310	13205	10310	0.2176	0.4384	0.2908	7	hgsvcsim	graphtyper	HG00514	all	geno	0.5
INS	29159	7005	6962	7005	0.1937	0.5015	0.2795	7	hgsvcsim	graphtyper	HG00514	all	geno	0.5
DEL	7919	3305	6243	3305	0.2945	0.3461	0.3182	7	hgsvcsim	graphtyper	HG00514	all	geno	0.5
Total	35696	10047	13468	10047	0.2196	0.4273	0.2901	10	hgsvcsim	graphtyper	HG00514	all	geno	0.5
INS	28083	6806	7161	6806	0.1951	0.4873	0.2786	10	hgsvcsim	graphtyper	HG00514	all	geno	0.5
DEL	7613	3241	6307	3241	0.2986	0.3394	0.3177	10	hgsvcsim	graphtyper	HG00514	all	geno	0.5
Total	35609	9999	13516	9999	0.2192	0.4252	0.2893	12	hgsvcsim	graphtyper	HG00514	all	geno	0.5
INS	28005	6759	7208	6759	0.1944	0.4839	0.2774	12	hgsvcsim	graphtyper	HG00514	all	geno	0.5
DEL	7604	3240	6308	3240	0.2988	0.3393	0.3178	12	hgsvcsim	graphtyper	HG00514	all	geno	0.5
Total	34280	9762	13753	9762	0.2217	0.4151	0.289	14	hgsvcsim	graphtyper	HG00514	all	geno	0.5
INS	27061	6622	7345	6622	0.1966	0.4741	0.2779	14	hgsvcsim	graphtyper	HG00514	all	geno	0.5
DEL	7219	3140	6408	3140	0.3031	0.3289	0.3155	14	hgsvcsim	graphtyper	HG00514	all	geno	0.5
Total	31438	9288	14227	9288	0.2281	0.395	0.2892	21	hgsvcsim	graphtyper	HG00514	all	geno	0.5
INS	24942	6367	7600	6367	0.2034	0.4559	0.2813	21	hgsvcsim	graphtyper	HG00514	all	geno	0.5
DEL	6496	2921	6627	2921	0.3102	0.3059	0.308	21	hgsvcsim	graphtyper	HG00514	all	geno	0.5
Total	28318	8765	14750	8765	0.2364	0.3727	0.2893	27	hgsvcsim	graphtyper	HG00514	all	geno	0.5
INS	22529	6086	7881	6086	0.2127	0.4357	0.2859	27	hgsvcsim	graphtyper	HG00514	all	geno	0.5
DEL	5789	2679	6869	2679	0.3164	0.2806	0.2974	27	hgsvcsim	graphtyper	HG00514	all	geno	0.5
Total	23596	7701	15814	7701	0.2461	0.3275	0.281	35	hgsvcsim	graphtyper	HG00514	all	geno	0.5
INS	18845	5545	8422	5545	0.2273	0.397	0.2891	35	hgsvcsim	graphtyper	HG00514	all	geno	0.5
DEL	4751	2156	7392	2156	0.3121	0.2258	0.262	35	hgsvcsim	graphtyper	HG00514	all	geno	0.5
Total	19177	6547	16968	6547	0.2545	0.2784	0.2659	45	hgsvcsim	graphtyper	HG00514	all	geno	0.5
INS	15417	4929	9038	4929	0.2423	0.3529	0.2873	45	hgsvcsim	graphtyper	HG00514	all	geno	0.5
DEL	3760	1618	7930	1618	0.3009	0.1695	0.2168	45	hgsvcsim	graphtyper	HG00514	all	geno	0.5
Total	16451	5729	17786	5729	0.2583	0.2436	0.2507	50	hgsvcsim	graphtyper	HG00514	all	geno	0.5
INS	13259	4417	9550	4417	0.2499	0.3162	0.2792	50	hgsvcsim	graphtyper	HG00514	all	geno	0.5
DEL	3192	1312	8236	1312	0.2913	0.1374	0.1867	50	hgsvcsim	graphtyper	HG00514	all	geno	0.5
Total	13150	4737	18778	4737	0.2648	0.2014	0.2288	60	hgsvcsim	graphtyper	HG00514	all	geno	0.5
INS	10657	3785	10182	3785	0.2621	0.271	0.2665	60	hgsvcsim	graphtyper	HG00514	all	geno	0.5
DEL	2493	952	8596	952	0.2763	0.0997	0.1465	60	hgsvcsim	graphtyper	HG00514	all	geno	0.5
Total	8678	3380	20135	3380	0.2803	0.1437	0.19	75	hgsvcsim	graphtyper	HG00514	all	geno	0.5
INS	7035	2816	11151	2816	0.2859	0.2016	0.2365	75	hgsvcsim	graphtyper	HG00514	all	geno	0.5
DEL	1643	564	8984	564	0.2556	0.0591	0.096	75	hgsvcsim	graphtyper	HG00514	all	geno	0.5
Total	5571	2445	21070	2445	0.305	0.104	0.1551	90	hgsvcsim	graphtyper	HG00514	all	geno	0.5
INS	4529	2078	11889	2078	0.3145	0.1488	0.202	90	hgsvcsim	graphtyper	HG00514	all	geno	0.5
DEL	1042	367	9181	367	0.2605	0.0384	0.0669	90	hgsvcsim	graphtyper	HG00514	all	geno	0.5
Total	4395	2031	21484	2031	0.3161	0.0864	0.1357	99	hgsvcsim	graphtyper	HG00514	all	geno	0.5
INS	3626	1765	12202	1765	0.3274	0.1264	0.1824	99	hgsvcsim	graphtyper	HG00514	all	geno	0.5
DEL	769	266	9282	266	0.257	0.0279	0.0503	99	hgsvcsim	graphtyper	HG00514	all	geno	0.5
Total	0	0	23515	0	NA	0	NA	110	hgsvcsim	graphtyper	HG00514	all	geno	0.5
INS	0	0	13967	0	NA	0	NA	110	hgsvcsim	graphtyper	HG00514	all	geno	0.5
DEL	0	0	9548	0	NA	0	NA	110	hgsvcsim	graphtyper	HG00514	all	geno	0.5
Total	0	0	23515	0	NA	0	NA	133	hgsvcsim	graphtyper	HG00514	all	geno	0.5
INS	0	0	13967	0	NA	0	NA	133	hgsvcsim	graphtyper	HG00514	all	geno	0.5
DEL	0	0	9548	0	NA	0	NA	133	hgsvcsim	graphtyper	HG00514	all	geno	0.5
Total	0	0	23515	0	NA	0	NA	167	hgsvcsim	graphtyper	HG00514	all	geno	0.5
INS	0	0	13967	0	NA	0	NA	167	hgsvcsim	graphtyper	HG00514	all	geno	0.5
DEL	0	0	9548	0	NA	0	NA	167	hgsvcsim	graphtyper	HG00514	all	geno	0.5
Total	0	0	23515	0	NA	0	NA	180	hgsvcsim	graphtyper	HG00514	all	geno	0.5
INS	0	0	13967	0	NA	0	NA	180	hgsvcsim	graphtyper	HG00514	all	geno	0.5
DEL	0	0	9548	0	NA	0	NA	180	hgsvcsim	graphtyper	HG00514	all	geno	0.5
Total	0	0	23515	0	NA	0	NA	250	hgsvcsim	graphtyper	HG00514	all	geno	0.5
INS	0	0	13967	0	NA	0	NA	250	hgsvcsim	graphtyper	HG00514	all	geno	0.5
DEL	0	0	9548	0	NA	0	NA	250	hgsvcsim	graphtyper	HG00514	all	geno	0.5
Total	0	0	23515	0	NA	0	NA	350	hgsvcsim	graphtyper	HG00514	all	geno	0.5
INS	0	0	13967	0	NA	0	NA	350	hgsvcsim	graphtyper	HG00514	all	geno	0.5
DEL	0	0	9548	0	NA	0	NA	350	hgsvcsim	graphtyper	HG00514	all	geno	0.5
Total	0	0	23515	0	NA	0	NA	450	hgsvcsim	graphtyper	HG00514	all	geno	0.5
INS	0	0	13967	0	NA	0	NA	450	hgsvcsim	graphtyper	HG00514	all	geno	0.5
DEL	0	0	9548	0	NA	0	NA	450	hgsvcsim	graphtyper	HG00514	all	geno	0.5
Total	0	0	23515	0	NA	0	NA	550	hgsvcsim	graphtyper	HG00514	all	geno	0.5
INS	0	0	13967	0	NA	0	NA	550	hgsvcsim	graphtyper	HG00514	all	geno	0.5
DEL	0	0	9548	0	NA	0	NA	550	hgsvcsim	graphtyper	HG00514	all	geno	0.5
Total	0	0	23515	0	NA	0	NA	650	hgsvcsim	graphtyper	HG00514	all	geno	0.5
INS	0	0	13967	0	NA	0	NA	650	hgsvcsim	graphtyper	HG00514	all	geno	0.5
DEL	0	0	9548	0	NA	0	NA	650	hgsvcsim	graphtyper	HG00514	all	geno	0.5
Total	147	29457	949	6676	0.995	0.8755	0.9314	0	hgsvcsim	graphtyper	HG00514	highconf	call	0.5
INS	142	23844	613	3941	0.9941	0.8654	0.9253	0	hgsvcsim	graphtyper	HG00514	highconf	call	0.5
DEL	5	5613	336	2735	0.9991	0.8906	0.9417	0	hgsvcsim	graphtyper	HG00514	highconf	call	0.5
Total	147	29124	979	6646	0.995	0.8716	0.9292	2	hgsvcsim	graphtyper	HG00514	highconf	call	0.5
INS	142	23770	627	3927	0.9941	0.8623	0.9235	2	hgsvcsim	graphtyper	HG00514	highconf	call	0.5
DEL	5	5354	352	2719	0.9991	0.8854	0.9388	2	hgsvcsim	graphtyper	HG00514	highconf	call	0.5
Total	146	29094	987	6638	0.995	0.8706	0.9287	3	hgsvcsim	graphtyper	HG00514	highconf	call	0.5
INS	141	23740	635	3919	0.9941	0.8606	0.9225	3	hgsvcsim	graphtyper	HG00514	highconf	call	0.5
DEL	5	5354	352	2719	0.9991	0.8854	0.9388	3	hgsvcsim	graphtyper	HG00514	highconf	call	0.5
Total	135	28988	1010	6615	0.9954	0.8675	0.9271	4	hgsvcsim	graphtyper	HG00514	highconf	call	0.5
INS	130	23682	647	3907	0.9945	0.8579	0.9212	4	hgsvcsim	graphtyper	HG00514	highconf	call	0.5
DEL	5	5306	363	2708	0.9991	0.8818	0.9368	4	hgsvcsim	graphtyper	HG00514	highconf	call	0.5
Total	135	28950	1022	6603	0.9954	0.866	0.9262	5	hgsvcsim	graphtyper	HG00514	highconf	call	0.5
INS	130	23645	659	3895	0.9945	0.8553	0.9197	5	hgsvcsim	graphtyper	HG00514	highconf	call	0.5
DEL	5	5305	363	2708	0.9991	0.8818	0.9368	5	hgsvcsim	graphtyper	HG00514	highconf	call	0.5
Total	132	28758	1074	6551	0.9954	0.8591	0.9222	7	hgsvcsim	graphtyper	HG00514	highconf	call	0.5
INS	127	23491	698	3856	0.9946	0.8467	0.9147	7	hgsvcsim	graphtyper	HG00514	highconf	call	0.5
DEL	5	5267	376	2695	0.9991	0.8776	0.9344	7	hgsvcsim	graphtyper	HG00514	highconf	call	0.5
Total	131	28282	1164	6461	0.9954	0.8473	0.9154	10	hgsvcsim	graphtyper	HG00514	highconf	call	0.5
INS	126	23076	762	3792	0.9946	0.8327	0.9065	10	hgsvcsim	graphtyper	HG00514	highconf	call	0.5
DEL	5	5206	402	2669	0.999	0.8691	0.9295	10	hgsvcsim	graphtyper	HG00514	highconf	call	0.5
Total	131	28257	1172	6453	0.9954	0.8463	0.9148	12	hgsvcsim	graphtyper	HG00514	highconf	call	0.5
INS	126	23052	770	3784	0.9946	0.8309	0.9054	12	hgsvcsim	graphtyper	HG00514	highconf	call	0.5
DEL	5	5205	402	2669	0.999	0.8691	0.9295	12	hgsvcsim	graphtyper	HG00514	highconf	call	0.5
Total	130	27685	1251	6374	0.9953	0.8359	0.9087	14	hgsvcsim	graphtyper	HG00514	highconf	call	0.5
INS	126	22593	808	3746	0.9945	0.8226	0.9004	14	hgsvcsim	graphtyper	HG00514	highconf	call	0.5
DEL	4	5092	443	2628	0.9992	0.8557	0.9219	14	hgsvcsim	graphtyper	HG00514	highconf	call	0.5
Total	126	26391	1421	6204	0.9952	0.8136	0.8953	21	hgsvcsim	graphtyper	HG00514	highconf	call	0.5
INS	124	21489	911	3643	0.9943	0.8	0.8866	21	hgsvcsim	graphtyper	HG00514	highconf	call	0.5
DEL	2	4902	510	2561	0.9996	0.8339	0.9093	21	hgsvcsim	graphtyper	HG00514	highconf	call	0.5
Total	120	24587	1699	5926	0.9951	0.7772	0.8728	27	hgsvcsim	graphtyper	HG00514	highconf	call	0.5
INS	118	19996	1067	3487	0.9941	0.7657	0.8651	27	hgsvcsim	graphtyper	HG00514	highconf	call	0.5
DEL	2	4591	632	2439	0.9996	0.7942	0.8851	27	hgsvcsim	graphtyper	HG00514	highconf	call	0.5
Total	108	21270	2367	5258	0.9949	0.6896	0.8146	35	hgsvcsim	graphtyper	HG00514	highconf	call	0.5
INS	107	17276	1457	3097	0.9938	0.6801	0.8076	35	hgsvcsim	graphtyper	HG00514	highconf	call	0.5
DEL	1	3994	910	2161	0.9997	0.7037	0.826	35	hgsvcsim	graphtyper	HG00514	highconf	call	0.5
Total	91	17844	3107	4518	0.9949	0.5925	0.7427	45	hgsvcsim	graphtyper	HG00514	highconf	call	0.5
INS	91	14541	1877	2677	0.9938	0.5878	0.7387	45	hgsvcsim	graphtyper	HG00514	highconf	call	0.5
DEL	0	3303	1230	1841	1	0.5995	0.7496	45	hgsvcsim	graphtyper	HG00514	highconf	call	0.5
Total	76	15552	3660	3965	0.9951	0.52	0.6831	50	hgsvcsim	graphtyper	HG00514	highconf	call	0.5
INS	76	12711	2197	2357	0.9941	0.5176	0.6808	50	hgsvcsim	graphtyper	HG00514	highconf	call	0.5
DEL	0	2841	1463	1608	1	0.5236	0.6873	50	hgsvcsim	graphtyper	HG00514	highconf	call	0.5
Total	66	12826	4352	3273	0.9949	0.4292	0.5997	60	hgsvcsim	graphtyper	HG00514	highconf	call	0.5
INS	66	10557	2591	1963	0.9938	0.431	0.6012	60	hgsvcsim	graphtyper	HG00514	highconf	call	0.5
DEL	0	2269	1761	1310	1	0.4266	0.5981	60	hgsvcsim	graphtyper	HG00514	highconf	call	0.5
Total	43	8982	5321	2304	0.9952	0.3022	0.4636	75	hgsvcsim	graphtyper	HG00514	highconf	call	0.5
INS	43	7445	3166	1388	0.9943	0.3048	0.4666	75	hgsvcsim	graphtyper	HG00514	highconf	call	0.5
DEL	0	1537	2155	916	1	0.2983	0.4595	75	hgsvcsim	graphtyper	HG00514	highconf	call	0.5
Total	33	6195	5994	1631	0.9947	0.2139	0.3521	90	hgsvcsim	graphtyper	HG00514	highconf	call	0.5
INS	33	5197	3527	1027	0.9937	0.2255	0.3676	90	hgsvcsim	graphtyper	HG00514	highconf	call	0.5
DEL	0	998	2467	604	1	0.1967	0.3287	90	hgsvcsim	graphtyper	HG00514	highconf	call	0.5
Total	27	5184	6299	1326	0.9948	0.1739	0.296	99	hgsvcsim	graphtyper	HG00514	highconf	call	0.5
INS	27	4448	3673	881	0.994	0.1935	0.3239	99	hgsvcsim	graphtyper	HG00514	highconf	call	0.5
DEL	0	736	2626	445	1	0.1449	0.2531	99	hgsvcsim	graphtyper	HG00514	highconf	call	0.5
Total	0	0	7625	0	NA	0	NA	110	hgsvcsim	graphtyper	HG00514	highconf	call	0.5
INS	0	0	4554	0	NA	0	NA	110	hgsvcsim	graphtyper	HG00514	highconf	call	0.5
DEL	0	0	3071	0	NA	0	NA	110	hgsvcsim	graphtyper	HG00514	highconf	call	0.5
Total	0	0	7625	0	NA	0	NA	133	hgsvcsim	graphtyper	HG00514	highconf	call	0.5
INS	0	0	4554	0	NA	0	NA	133	hgsvcsim	graphtyper	HG00514	highconf	call	0.5
DEL	0	0	3071	0	NA	0	NA	133	hgsvcsim	graphtyper	HG00514	highconf	call	0.5
Total	0	0	7625	0	NA	0	NA	167	hgsvcsim	graphtyper	HG00514	highconf	call	0.5
INS	0	0	4554	0	NA	0	NA	167	hgsvcsim	graphtyper	HG00514	highconf	call	0.5
DEL	0	0	3071	0	NA	0	NA	167	hgsvcsim	graphtyper	HG00514	highconf	call	0.5
Total	0	0	7625	0	NA	0	NA	180	hgsvcsim	graphtyper	HG00514	highconf	call	0.5
INS	0	0	4554	0	NA	0	NA	180	hgsvcsim	graphtyper	HG00514	highconf	call	0.5
DEL	0	0	3071	0	NA	0	NA	180	hgsvcsim	graphtyper	HG00514	highconf	call	0.5
Total	0	0	7625	0	NA	0	NA	250	hgsvcsim	graphtyper	HG00514	highconf	call	0.5
INS	0	0	4554	0	NA	0	NA	250	hgsvcsim	graphtyper	HG00514	highconf	call	0.5
DEL	0	0	3071	0	NA	0	NA	250	hgsvcsim	graphtyper	HG00514	highconf	call	0.5
Total	0	0	7625	0	NA	0	NA	350	hgsvcsim	graphtyper	HG00514	highconf	call	0.5
INS	0	0	4554	0	NA	0	NA	350	hgsvcsim	graphtyper	HG00514	highconf	call	0.5
DEL	0	0	3071	0	NA	0	NA	350	hgsvcsim	graphtyper	HG00514	highconf	call	0.5
Total	0	0	7625	0	NA	0	NA	450	hgsvcsim	graphtyper	HG00514	highconf	call	0.5
INS	0	0	4554	0	NA	0	NA	450	hgsvcsim	graphtyper	HG00514	highconf	call	0.5
DEL	0	0	3071	0	NA	0	NA	450	hgsvcsim	graphtyper	HG00514	highconf	call	0.5
Total	0	0	7625	0	NA	0	NA	550	hgsvcsim	graphtyper	HG00514	highconf	call	0.5
INS	0	0	4554	0	NA	0	NA	550	hgsvcsim	graphtyper	HG00514	highconf	call	0.5
DEL	0	0	3071	0	NA	0	NA	550	hgsvcsim	graphtyper	HG00514	highconf	call	0.5
Total	0	0	7625	0	NA	0	NA	650	hgsvcsim	graphtyper	HG00514	highconf	call	0.5
INS	0	0	4554	0	NA	0	NA	650	hgsvcsim	graphtyper	HG00514	highconf	call	0.5
DEL	0	0	3071	0	NA	0	NA	650	hgsvcsim	graphtyper	HG00514	highconf	call	0.5
Total	18682	4179	2952	3405	0.1828	0.5356	0.2726	0	hgsvcsim	graphtyper	HG00514	highconf	geno	0.5
INS	15918	2959	1461	2185	0.1568	0.5993	0.2486	0	hgsvcsim	graphtyper	HG00514	highconf	geno	0.5
DEL	2764	1220	1491	1220	0.3062	0.45	0.3644	0	hgsvcsim	graphtyper	HG00514	highconf	geno	0.5
Total	18520	4151	2973	3384	0.1831	0.5323	0.2725	2	hgsvcsim	graphtyper	HG00514	highconf	geno	0.5
INS	15882	2936	1477	2169	0.156	0.5949	0.2472	2	hgsvcsim	graphtyper	HG00514	highconf	geno	0.5
DEL	2638	1215	1496	1215	0.3153	0.4482	0.3702	2	hgsvcsim	graphtyper	HG00514	highconf	geno	0.5
Total	18500	4144	2980	3377	0.183	0.5312	0.2722	3	hgsvcsim	graphtyper	HG00514	highconf	geno	0.5
INS	15862	2929	1484	2162	0.1559	0.593	0.2469	3	hgsvcsim	graphtyper	HG00514	highconf	geno	0.5
DEL	2638	1215	1496	1215	0.3153	0.4482	0.3702	3	hgsvcsim	graphtyper	HG00514	highconf	geno	0.5
Total	18421	4125	2992	3365	0.183	0.5293	0.272	4	hgsvcsim	graphtyper	HG00514	highconf	geno	0.5
INS	15819	2913	1493	2153	0.1555	0.5905	0.2462	4	hgsvcsim	graphtyper	HG00514	highconf	geno	0.5
DEL	2602	1212	1499	1212	0.3178	0.4471	0.3715	4	hgsvcsim	graphtyper	HG00514	highconf	geno	0.5
Total	18400	4116	3001	3356	0.1828	0.5279	0.2716	5	hgsvcsim	graphtyper	HG00514	highconf	geno	0.5
INS	15799	2904	1502	2144	0.1553	0.588	0.2457	5	hgsvcsim	graphtyper	HG00514	highconf	geno	0.5
DEL	2601	1212	1499	1212	0.3179	0.4471	0.3716	5	hgsvcsim	graphtyper	HG00514	highconf	geno	0.5
Total	18290	4076	3034	3323	0.1822	0.5227	0.2702	7	hgsvcsim	graphtyper	HG00514	highconf	geno	0.5
INS	15711	2870	1529	2117	0.1545	0.5806	0.2441	7	hgsvcsim	graphtyper	HG00514	highconf	geno	0.5
DEL	2579	1206	1505	1206	0.3186	0.4449	0.3713	7	hgsvcsim	graphtyper	HG00514	highconf	geno	0.5
Total	17922	4011	3086	3271	0.1829	0.5146	0.2699	10	hgsvcsim	graphtyper	HG00514	highconf	geno	0.5
INS	15386	2818	1568	2078	0.1548	0.5699	0.2435	10	hgsvcsim	graphtyper	HG00514	highconf	geno	0.5
DEL	2536	1193	1518	1193	0.3199	0.4401	0.3705	10	hgsvcsim	graphtyper	HG00514	highconf	geno	0.5
Total	17906	4004	3093	3264	0.1827	0.5134	0.2695	12	hgsvcsim	graphtyper	HG00514	highconf	geno	0.5
INS	15370	2812	1574	2072	0.1547	0.5683	0.2432	12	hgsvcsim	graphtyper	HG00514	highconf	geno	0.5
DEL	2536	1192	1519	1192	0.3197	0.4397	0.3702	12	hgsvcsim	graphtyper	HG00514	highconf	geno	0.5
Total	17449	3943	3144	3213	0.1843	0.5054	0.2701	14	hgsvcsim	graphtyper	HG00514	highconf	geno	0.5
INS	14994	2777	1599	2047	0.1563	0.5614	0.2445	14	hgsvcsim	graphtyper	HG00514	highconf	geno	0.5
DEL	2455	1166	1545	1166	0.322	0.4301	0.3683	14	hgsvcsim	graphtyper	HG00514	highconf	geno	0.5
Total	16349	3819	3250	3107	0.1894	0.4888	0.273	21	hgsvcsim	graphtyper	HG00514	highconf	geno	0.5
INS	14021	2692	1666	1980	0.1611	0.5431	0.2485	21	hgsvcsim	graphtyper	HG00514	highconf	geno	0.5
DEL	2328	1127	1584	1127	0.3262	0.4157	0.3656	21	hgsvcsim	graphtyper	HG00514	highconf	geno	0.5
Total	14864	3601	3437	2920	0.195	0.4593	0.2738	27	hgsvcsim	graphtyper	HG00514	highconf	geno	0.5
INS	12726	2553	1774	1872	0.1671	0.5134	0.2521	27	hgsvcsim	graphtyper	HG00514	highconf	geno	0.5
DEL	2138	1048	1663	1048	0.3289	0.3866	0.3554	27	hgsvcsim	graphtyper	HG00514	highconf	geno	0.5
Total	12257	3138	3862	2495	0.2038	0.3925	0.2683	35	hgsvcsim	graphtyper	HG00514	highconf	geno	0.5
INS	10438	2279	2010	1636	0.1792	0.4487	0.2561	35	hgsvcsim	graphtyper	HG00514	highconf	geno	0.5
DEL	1819	859	1852	859	0.3208	0.3169	0.3188	35	hgsvcsim	graphtyper	HG00514	highconf	geno	0.5
Total	9806	2582	4353	2004	0.2084	0.3152	0.2509	45	hgsvcsim	graphtyper	HG00514	highconf	geno	0.5
INS	8357	1948	2276	1370	0.189	0.3758	0.2515	45	hgsvcsim	graphtyper	HG00514	highconf	geno	0.5
DEL	1449	634	2077	634	0.3044	0.2339	0.2645	45	hgsvcsim	graphtyper	HG00514	highconf	geno	0.5
Total	8291	2159	4728	1629	0.2066	0.2563	0.2288	50	hgsvcsim	graphtyper	HG00514	highconf	geno	0.5
INS	7066	1680	2496	1150	0.1921	0.3154	0.2388	50	hgsvcsim	graphtyper	HG00514	highconf	geno	0.5
DEL	1225	479	2232	479	0.2811	0.1767	0.217	50	hgsvcsim	graphtyper	HG00514	highconf	geno	0.5
Total	6517	1714	5114	1243	0.2082	0.1955	0.2017	60	hgsvcsim	graphtyper	HG00514	highconf	geno	0.5
INS	5564	1391	2726	920	0.2	0.2523	0.2231	60	hgsvcsim	graphtyper	HG00514	highconf	geno	0.5
DEL	953	323	2388	323	0.2531	0.1191	0.162	60	hgsvcsim	graphtyper	HG00514	highconf	geno	0.5
Total	4230	1146	5568	789	0.2132	0.1241	0.1569	75	hgsvcsim	graphtyper	HG00514	highconf	geno	0.5
INS	3607	972	3031	615	0.2123	0.1687	0.188	75	hgsvcsim	graphtyper	HG00514	highconf	geno	0.5
DEL	623	174	2537	174	0.2183	0.0642	0.0992	75	hgsvcsim	graphtyper	HG00514	highconf	geno	0.5
Total	2670	790	5828	529	0.2283	0.0832	0.122	90	hgsvcsim	graphtyper	HG00514	highconf	geno	0.5
INS	2268	685	3222	424	0.232	0.1163	0.1549	90	hgsvcsim	graphtyper	HG00514	highconf	geno	0.5
DEL	402	105	2606	105	0.2071	0.0387	0.0652	90	hgsvcsim	graphtyper	HG00514	highconf	geno	0.5
Total	2100	648	5926	431	0.2358	0.0678	0.1053	99	hgsvcsim	graphtyper	HG00514	highconf	geno	0.5
INS	1805	573	3290	356	0.241	0.0976	0.1389	99	hgsvcsim	graphtyper	HG00514	highconf	geno	0.5
DEL	295	75	2636	75	0.2027	0.0277	0.0487	99	hgsvcsim	graphtyper	HG00514	highconf	geno	0.5
Total	0	0	6357	0	NA	0	NA	110	hgsvcsim	graphtyper	HG00514	highconf	geno	0.5
INS	0	0	3646	0	NA	0	NA	110	hgsvcsim	graphtyper	HG00514	highconf	geno	0.5
DEL	0	0	2711	0	NA	0	NA	110	hgsvcsim	graphtyper	HG00514	highconf	geno	0.5
Total	0	0	6357	0	NA	0	NA	133	hgsvcsim	graphtyper	HG00514	highconf	geno	0.5
INS	0	0	3646	0	NA	0	NA	133	hgsvcsim	graphtyper	HG00514	highconf	geno	0.5
DEL	0	0	2711	0	NA	0	NA	133	hgsvcsim	graphtyper	HG00514	highconf	geno	0.5
Total	0	0	6357	0	NA	0	NA	167	hgsvcsim	graphtyper	HG00514	highconf	geno	0.5
INS	0	0	3646	0	NA	0	NA	167	hgsvcsim	graphtyper	HG00514	highconf	geno	0.5
DEL	0	0	2711	0	NA	0	NA	167	hgsvcsim	graphtyper	HG00514	highconf	geno	0.5
Total	0	0	6357	0	NA	0	NA	180	hgsvcsim	graphtyper	HG00514	highconf	geno	0.5
INS	0	0	3646	0	NA	0	NA	180	hgsvcsim	graphtyper	HG00514	highconf	geno	0.5
DEL	0	0	2711	0	NA	0	NA	180	hgsvcsim	graphtyper	HG00514	highconf	geno	0.5
Total	0	0	6357	0	NA	0	NA	250	hgsvcsim	graphtyper	HG00514	highconf	geno	0.5
INS	0	0	3646	0	NA	0	NA	250	hgsvcsim	graphtyper	HG00514	highconf	geno	0.5
DEL	0	0	2711	0	NA	0	NA	250	hgsvcsim	graphtyper	HG00514	highconf	geno	0.5
Total	0	0	6357	0	NA	0	NA	350	hgsvcsim	graphtyper	HG00514	highconf	geno	0.5
INS	0	0	3646	0	NA	0	NA	350	hgsvcsim	graphtyper	HG00514	highconf	geno	0.5
DEL	0	0	2711	0	NA	0	NA	350	hgsvcsim	graphtyper	HG00514	highconf	geno	0.5
Total	0	0	6357	0	NA	0	NA	450	hgsvcsim	graphtyper	HG00514	highconf	geno	0.5
INS	0	0	3646	0	NA	0	NA	450	hgsvcsim	graphtyper	HG00514	highconf	geno	0.5
DEL	0	0	2711	0	NA	0	NA	450	hgsvcsim	graphtyper	HG00514	highconf	geno	0.5
Total	0	0	6357	0	NA	0	NA	550	hgsvcsim	graphtyper	HG00514	highconf	geno	0.5
INS	0	0	3646	0	NA	0	NA	550	hgsvcsim	graphtyper	HG00514	highconf	geno	0.5
DEL	0	0	2711	0	NA	0	NA	550	hgsvcsim	graphtyper	HG00514	highconf	geno	0.5
Total	0	0	6357	0	NA	0	NA	650	hgsvcsim	graphtyper	HG00514	highconf	geno	0.5
INS	0	0	3646	0	NA	0	NA	650	hgsvcsim	graphtyper	HG00514	highconf	geno	0.5
DEL	0	0	2711	0	NA	0	NA	650	hgsvcsim	graphtyper	HG00514	highconf	geno	0.5
Total	245	20119	4733	23755	0.988	0.8339	0.9044	0	hgsvcsim	graphtyper_nodup	HG00514	all	call	0.5
INS	181	11918	2851	14501	0.985	0.8357	0.9042	0	hgsvcsim	graphtyper_nodup	HG00514	all	call	0.5
DEL	64	8201	1882	9254	0.9923	0.831	0.9045	0	hgsvcsim	graphtyper_nodup	HG00514	all	call	0.5
Total	238	19769	4843	23645	0.9881	0.83	0.9022	2	hgsvcsim	graphtyper_nodup	HG00514	all	call	0.5
INS	174	11805	2919	14433	0.9855	0.8318	0.9022	2	hgsvcsim	graphtyper_nodup	HG00514	all	call	0.5
DEL	64	7964	1924	9212	0.992	0.8272	0.9021	2	hgsvcsim	graphtyper_nodup	HG00514	all	call	0.5
Total	236	19697	4882	23606	0.9882	0.8286	0.9014	3	hgsvcsim	graphtyper_nodup	HG00514	all	call	0.5
INS	172	11734	2958	14394	0.9856	0.8295	0.9008	3	hgsvcsim	graphtyper_nodup	HG00514	all	call	0.5
DEL	64	7963	1924	9212	0.992	0.8272	0.9021	3	hgsvcsim	graphtyper_nodup	HG00514	all	call	0.5
Total	228	19485	5011	23477	0.9884	0.8241	0.8988	4	hgsvcsim	graphtyper_nodup	HG00514	all	call	0.5
INS	166	11608	3043	14309	0.9859	0.8246	0.8981	4	hgsvcsim	graphtyper_nodup	HG00514	all	call	0.5
DEL	62	7877	1968	9168	0.9922	0.8233	0.8999	4	hgsvcsim	graphtyper_nodup	HG00514	all	call	0.5
Total	224	19414	5062	23426	0.9886	0.8223	0.8978	5	hgsvcsim	graphtyper_nodup	HG00514	all	call	0.5
INS	162	11538	3094	14258	0.9862	0.8217	0.8965	5	hgsvcsim	graphtyper_nodup	HG00514	all	call	0.5
DEL	62	7876	1968	9168	0.9922	0.8233	0.8999	5	hgsvcsim	graphtyper_nodup	HG00514	all	call	0.5
Total	210	19055	5344	23144	0.9891	0.8124	0.8921	7	hgsvcsim	graphtyper_nodup	HG00514	all	call	0.5
INS	150	11250	3327	14025	0.9868	0.8083	0.8887	7	hgsvcsim	graphtyper_nodup	HG00514	all	call	0.5
DEL	60	7805	2017	9119	0.9924	0.8189	0.8973	7	hgsvcsim	graphtyper_nodup	HG00514	all	call	0.5
Total	200	18409	5856	22632	0.9893	0.7944	0.8812	10	hgsvcsim	graphtyper_nodup	HG00514	all	call	0.5
INS	140	10792	3704	13648	0.9872	0.7865	0.8755	10	hgsvcsim	graphtyper_nodup	HG00514	all	call	0.5
DEL	60	7617	2152	8984	0.9922	0.8068	0.8899	10	hgsvcsim	graphtyper_nodup	HG00514	all	call	0.5
Total	199	18325	5948	22540	0.9893	0.7912	0.8792	12	hgsvcsim	graphtyper_nodup	HG00514	all	call	0.5
INS	139	10712	3795	13557	0.9872	0.7813	0.8723	12	hgsvcsim	graphtyper_nodup	HG00514	all	call	0.5
DEL	60	7613	2153	8983	0.9922	0.8067	0.8899	12	hgsvcsim	graphtyper_nodup	HG00514	all	call	0.5
Total	191	17752	6421	22067	0.9894	0.7746	0.8689	14	hgsvcsim	graphtyper_nodup	HG00514	all	call	0.5
INS	133	10392	4094	13258	0.9874	0.7641	0.8615	14	hgsvcsim	graphtyper_nodup	HG00514	all	call	0.5
DEL	58	7360	2327	8809	0.9922	0.791	0.8802	14	hgsvcsim	graphtyper_nodup	HG00514	all	call	0.5
Total	179	16729	7251	21237	0.9894	0.7455	0.8503	21	hgsvcsim	graphtyper_nodup	HG00514	all	call	0.5
INS	127	9856	4591	12761	0.9873	0.7354	0.8429	21	hgsvcsim	graphtyper_nodup	HG00514	all	call	0.5
DEL	52	6873	2660	8476	0.9925	0.7611	0.8615	21	hgsvcsim	graphtyper_nodup	HG00514	all	call	0.5
Total	164	15636	8188	20300	0.9896	0.7126	0.8286	27	hgsvcsim	graphtyper_nodup	HG00514	all	call	0.5
INS	118	9300	5129	12223	0.9875	0.7044	0.8223	27	hgsvcsim	graphtyper_nodup	HG00514	all	call	0.5
DEL	46	6336	3059	8077	0.9928	0.7253	0.8382	27	hgsvcsim	graphtyper_nodup	HG00514	all	call	0.5
Total	140	13784	10113	18375	0.9899	0.645	0.7811	35	hgsvcsim	graphtyper_nodup	HG00514	all	call	0.5
INS	105	8375	6124	11228	0.9876	0.6471	0.7819	35	hgsvcsim	graphtyper_nodup	HG00514	all	call	0.5
DEL	35	5409	3989	7147	0.9936	0.6418	0.7799	35	hgsvcsim	graphtyper_nodup	HG00514	all	call	0.5
Total	114	11997	12085	16403	0.9906	0.5758	0.7283	45	hgsvcsim	graphtyper_nodup	HG00514	all	call	0.5
INS	89	7527	7097	10255	0.9883	0.591	0.7397	45	hgsvcsim	graphtyper_nodup	HG00514	all	call	0.5
DEL	25	4470	4988	6148	0.9944	0.5521	0.71	45	hgsvcsim	graphtyper_nodup	HG00514	all	call	0.5
Total	98	10738	13493	14995	0.991	0.5264	0.6876	50	hgsvcsim	graphtyper_nodup	HG00514	all	call	0.5
INS	76	6854	7831	9521	0.989	0.5487	0.7058	50	hgsvcsim	graphtyper_nodup	HG00514	all	call	0.5
DEL	22	3884	5662	5474	0.9944	0.4916	0.6579	50	hgsvcsim	graphtyper_nodup	HG00514	all	call	0.5
Total	75	9097	15381	13107	0.9918	0.4601	0.6286	60	hgsvcsim	graphtyper_nodup	HG00514	all	call	0.5
INS	59	5966	8819	8533	0.9902	0.4918	0.6572	60	hgsvcsim	graphtyper_nodup	HG00514	all	call	0.5
DEL	16	3131	6562	4574	0.9949	0.4107	0.5814	60	hgsvcsim	graphtyper_nodup	HG00514	all	call	0.5
Total	47	6668	18464	10024	0.993	0.3519	0.5196	75	hgsvcsim	graphtyper_nodup	HG00514	all	call	0.5
INS	36	4550	10529	6823	0.9922	0.3932	0.5632	75	hgsvcsim	graphtyper_nodup	HG00514	all	call	0.5
DEL	11	2118	7935	3201	0.9948	0.2874	0.446	75	hgsvcsim	graphtyper_nodup	HG00514	all	call	0.5
Total	27	4795	20764	7724	0.9944	0.2711	0.426	90	hgsvcsim	graphtyper_nodup	HG00514	all	call	0.5
INS	22	3426	11811	5541	0.9936	0.3193	0.4833	90	hgsvcsim	graphtyper_nodup	HG00514	all	call	0.5
DEL	5	1369	8953	2183	0.9964	0.196	0.3276	90	hgsvcsim	graphtyper_nodup	HG00514	all	call	0.5
Total	22	3972	21925	6563	0.9945	0.2304	0.3741	99	hgsvcsim	graphtyper_nodup	HG00514	all	call	0.5
INS	18	2962	12451	4901	0.994	0.2824	0.4398	99	hgsvcsim	graphtyper_nodup	HG00514	all	call	0.5
DEL	4	1010	9474	1662	0.9961	0.1492	0.2595	99	hgsvcsim	graphtyper_nodup	HG00514	all	call	0.5
Total	0	0	28488	0	NA	0	NA	110	hgsvcsim	graphtyper_nodup	HG00514	all	call	0.5
INS	0	0	17352	0	NA	0	NA	110	hgsvcsim	graphtyper_nodup	HG00514	all	call	0.5
DEL	0	0	11136	0	NA	0	NA	110	hgsvcsim	graphtyper_nodup	HG00514	all	call	0.5
Total	0	0	28488	0	NA	0	NA	133	hgsvcsim	graphtyper_nodup	HG00514	all	call	0.5
INS	0	0	17352	0	NA	0	NA	133	hgsvcsim	graphtyper_nodup	HG00514	all	call	0.5
DEL	0	0	11136	0	NA	0	NA	133	hgsvcsim	graphtyper_nodup	HG00514	all	call	0.5
Total	0	0	28488	0	NA	0	NA	167	hgsvcsim	graphtyper_nodup	HG00514	all	call	0.5
INS	0	0	17352	0	NA	0	NA	167	hgsvcsim	graphtyper_nodup	HG00514	all	call	0.5
DEL	0	0	11136	0	NA	0	NA	167	hgsvcsim	graphtyper_nodup	HG00514	all	call	0.5
Total	0	0	28488	0	NA	0	NA	180	hgsvcsim	graphtyper_nodup	HG00514	all	call	0.5
INS	0	0	17352	0	NA	0	NA	180	hgsvcsim	graphtyper_nodup	HG00514	all	call	0.5
DEL	0	0	11136	0	NA	0	NA	180	hgsvcsim	graphtyper_nodup	HG00514	all	call	0.5
Total	0	0	28488	0	NA	0	NA	250	hgsvcsim	graphtyper_nodup	HG00514	all	call	0.5
INS	0	0	17352	0	NA	0	NA	250	hgsvcsim	graphtyper_nodup	HG00514	all	call	0.5
DEL	0	0	11136	0	NA	0	NA	250	hgsvcsim	graphtyper_nodup	HG00514	all	call	0.5
Total	0	0	28488	0	NA	0	NA	350	hgsvcsim	graphtyper_nodup	HG00514	all	call	0.5
INS	0	0	17352	0	NA	0	NA	350	hgsvcsim	graphtyper_nodup	HG00514	all	call	0.5
DEL	0	0	11136	0	NA	0	NA	350	hgsvcsim	graphtyper_nodup	HG00514	all	call	0.5
Total	0	0	28488	0	NA	0	NA	450	hgsvcsim	graphtyper_nodup	HG00514	all	call	0.5
INS	0	0	17352	0	NA	0	NA	450	hgsvcsim	graphtyper_nodup	HG00514	all	call	0.5
DEL	0	0	11136	0	NA	0	NA	450	hgsvcsim	graphtyper_nodup	HG00514	all	call	0.5
Total	0	0	28488	0	NA	0	NA	550	hgsvcsim	graphtyper_nodup	HG00514	all	call	0.5
INS	0	0	17352	0	NA	0	NA	550	hgsvcsim	graphtyper_nodup	HG00514	all	call	0.5
DEL	0	0	11136	0	NA	0	NA	550	hgsvcsim	graphtyper_nodup	HG00514	all	call	0.5
Total	0	0	28488	0	NA	0	NA	650	hgsvcsim	graphtyper_nodup	HG00514	all	call	0.5
INS	0	0	17352	0	NA	0	NA	650	hgsvcsim	graphtyper_nodup	HG00514	all	call	0.5
DEL	0	0	11136	0	NA	0	NA	650	hgsvcsim	graphtyper_nodup	HG00514	all	call	0.5
Total	3619	15327	8188	15327	0.809	0.6518	0.7219	0	hgsvcsim	graphtyper_nodup	HG00514	all	geno	0.5
INS	2412	8755	5212	8755	0.784	0.6268	0.6966	0	hgsvcsim	graphtyper_nodup	HG00514	all	geno	0.5
DEL	1207	6572	2976	6572	0.8448	0.6883	0.7586	0	hgsvcsim	graphtyper_nodup	HG00514	all	geno	0.5
Total	3550	15232	8283	15232	0.811	0.6478	0.7203	2	hgsvcsim	graphtyper_nodup	HG00514	all	geno	0.5
INS	2361	8700	5267	8700	0.7865	0.6229	0.6952	2	hgsvcsim	graphtyper_nodup	HG00514	all	geno	0.5
DEL	1189	6532	3016	6532	0.846	0.6841	0.7565	2	hgsvcsim	graphtyper_nodup	HG00514	all	geno	0.5
Total	3510	15205	8310	15205	0.8124	0.6466	0.7201	3	hgsvcsim	graphtyper_nodup	HG00514	all	geno	0.5
INS	2322	8673	5294	8673	0.7888	0.621	0.6949	3	hgsvcsim	graphtyper_nodup	HG00514	all	geno	0.5
DEL	1188	6532	3016	6532	0.8461	0.6841	0.7565	3	hgsvcsim	graphtyper_nodup	HG00514	all	geno	0.5
Total	3427	15085	8430	15085	0.8149	0.6415	0.7179	4	hgsvcsim	graphtyper_nodup	HG00514	all	geno	0.5
INS	2266	8610	5357	8610	0.7917	0.6165	0.6932	4	hgsvcsim	graphtyper_nodup	HG00514	all	geno	0.5
DEL	1161	6475	3073	6475	0.848	0.6782	0.7537	4	hgsvcsim	graphtyper_nodup	HG00514	all	geno	0.5
Total	3393	15049	8466	15049	0.816	0.64	0.7174	5	hgsvcsim	graphtyper_nodup	HG00514	all	geno	0.5
INS	2233	8574	5393	8574	0.7934	0.6139	0.6922	5	hgsvcsim	graphtyper_nodup	HG00514	all	geno	0.5
DEL	1160	6475	3073	6475	0.8481	0.6782	0.7537	5	hgsvcsim	graphtyper_nodup	HG00514	all	geno	0.5
Total	3251	14843	8672	14843	0.8203	0.6312	0.7134	7	hgsvcsim	graphtyper_nodup	HG00514	all	geno	0.5
INS	2109	8410	5557	8410	0.7995	0.6021	0.6869	7	hgsvcsim	graphtyper_nodup	HG00514	all	geno	0.5
DEL	1142	6433	3115	6433	0.8492	0.6738	0.7514	7	hgsvcsim	graphtyper_nodup	HG00514	all	geno	0.5
Total	2994	14485	9030	14485	0.8287	0.616	0.7067	10	hgsvcsim	graphtyper_nodup	HG00514	all	geno	0.5
INS	1909	8176	5791	8176	0.8107	0.5854	0.6799	10	hgsvcsim	graphtyper_nodup	HG00514	all	geno	0.5
DEL	1085	6309	3239	6309	0.8533	0.6608	0.7448	10	hgsvcsim	graphtyper_nodup	HG00514	all	geno	0.5
Total	2963	14439	9076	14439	0.8297	0.614	0.7057	12	hgsvcsim	graphtyper_nodup	HG00514	all	geno	0.5
INS	1882	8133	5834	8133	0.8121	0.5823	0.6783	12	hgsvcsim	graphtyper_nodup	HG00514	all	geno	0.5
DEL	1081	6306	3242	6306	0.8537	0.6605	0.7448	12	hgsvcsim	graphtyper_nodup	HG00514	all	geno	0.5
Total	2774	14077	9438	14077	0.8354	0.5986	0.6974	14	hgsvcsim	graphtyper_nodup	HG00514	all	geno	0.5
INS	1758	7954	6013	7954	0.819	0.5695	0.6718	14	hgsvcsim	graphtyper_nodup	HG00514	all	geno	0.5
DEL	1016	6123	3425	6123	0.8577	0.6413	0.7339	14	hgsvcsim	graphtyper_nodup	HG00514	all	geno	0.5
Total	2486	13351	10164	13351	0.843	0.5678	0.6786	21	hgsvcsim	graphtyper_nodup	HG00514	all	geno	0.5
INS	1576	7607	6360	7607	0.8284	0.5446	0.6572	21	hgsvcsim	graphtyper_nodup	HG00514	all	geno	0.5
DEL	910	5744	3804	5744	0.8632	0.6016	0.709	21	hgsvcsim	graphtyper_nodup	HG00514	all	geno	0.5
Total	2246	12518	10997	12518	0.8479	0.5323	0.654	27	hgsvcsim	graphtyper_nodup	HG00514	all	geno	0.5
INS	1426	7217	6750	7217	0.835	0.5167	0.6384	27	hgsvcsim	graphtyper_nodup	HG00514	all	geno	0.5
DEL	820	5301	4247	5301	0.866	0.5552	0.6766	27	hgsvcsim	graphtyper_nodup	HG00514	all	geno	0.5
Total	1911	11060	12455	11060	0.8527	0.4703	0.6062	35	hgsvcsim	graphtyper_nodup	HG00514	all	geno	0.5
INS	1235	6540	7427	6540	0.8412	0.4682	0.6016	35	hgsvcsim	graphtyper_nodup	HG00514	all	geno	0.5
DEL	676	4520	5028	4520	0.8699	0.4734	0.6131	35	hgsvcsim	graphtyper_nodup	HG00514	all	geno	0.5
Total	1662	9518	13997	9518	0.8513	0.4048	0.5487	45	hgsvcsim	graphtyper_nodup	HG00514	all	geno	0.5
INS	1085	5846	8121	5846	0.8435	0.4186	0.5595	45	hgsvcsim	graphtyper_nodup	HG00514	all	geno	0.5
DEL	577	3672	5876	3672	0.8642	0.3846	0.5323	45	hgsvcsim	graphtyper_nodup	HG00514	all	geno	0.5
Total	1515	8396	15119	8396	0.8471	0.357	0.5023	50	hgsvcsim	graphtyper_nodup	HG00514	all	geno	0.5
INS	994	5301	8666	5301	0.8421	0.3795	0.5232	50	hgsvcsim	graphtyper_nodup	HG00514	all	geno	0.5
DEL	521	3095	6453	3095	0.8559	0.3242	0.4703	50	hgsvcsim	graphtyper_nodup	HG00514	all	geno	0.5
Total	1284	7038	16477	7038	0.8457	0.2993	0.4421	60	hgsvcsim	graphtyper_nodup	HG00514	all	geno	0.5
INS	853	4587	9380	4587	0.8432	0.3284	0.4727	60	hgsvcsim	graphtyper_nodup	HG00514	all	geno	0.5
DEL	431	2451	7097	2451	0.8505	0.2567	0.3944	60	hgsvcsim	graphtyper_nodup	HG00514	all	geno	0.5
Total	950	5063	18452	5063	0.842	0.2153	0.3429	75	hgsvcsim	graphtyper_nodup	HG00514	all	geno	0.5
INS	662	3422	10545	3422	0.8379	0.245	0.3791	75	hgsvcsim	graphtyper_nodup	HG00514	all	geno	0.5
DEL	288	1641	7907	1641	0.8507	0.1719	0.286	75	hgsvcsim	graphtyper_nodup	HG00514	all	geno	0.5
Total	663	3494	20021	3494	0.8405	0.1486	0.2525	90	hgsvcsim	graphtyper_nodup	HG00514	all	geno	0.5
INS	479	2452	11515	2452	0.8366	0.1756	0.2903	90	hgsvcsim	graphtyper_nodup	HG00514	all	geno	0.5
DEL	184	1042	8506	1042	0.8499	0.1091	0.1934	90	hgsvcsim	graphtyper_nodup	HG00514	all	geno	0.5
Total	543	2821	20694	2821	0.8386	0.12	0.21	99	hgsvcsim	graphtyper_nodup	HG00514	all	geno	0.5
INS	408	2058	11909	2058	0.8345	0.1473	0.2504	99	hgsvcsim	graphtyper_nodup	HG00514	all	geno	0.5
DEL	135	763	8785	763	0.8497	0.0799	0.1461	99	hgsvcsim	graphtyper_nodup	HG00514	all	geno	0.5
Total	0	0	23515	0	NA	0	NA	110	hgsvcsim	graphtyper_nodup	HG00514	all	geno	0.5
INS	0	0	13967	0	NA	0	NA	110	hgsvcsim	graphtyper_nodup	HG00514	all	geno	0.5
DEL	0	0	9548	0	NA	0	NA	110	hgsvcsim	graphtyper_nodup	HG00514	all	geno	0.5
Total	0	0	23515	0	NA	0	NA	133	hgsvcsim	graphtyper_nodup	HG00514	all	geno	0.5
INS	0	0	13967	0	NA	0	NA	133	hgsvcsim	graphtyper_nodup	HG00514	all	geno	0.5
DEL	0	0	9548	0	NA	0	NA	133	hgsvcsim	graphtyper_nodup	HG00514	all	geno	0.5
Total	0	0	23515	0	NA	0	NA	167	hgsvcsim	graphtyper_nodup	HG00514	all	geno	0.5
INS	0	0	13967	0	NA	0	NA	167	hgsvcsim	graphtyper_nodup	HG00514	all	geno	0.5
DEL	0	0	9548	0	NA	0	NA	167	hgsvcsim	graphtyper_nodup	HG00514	all	geno	0.5
Total	0	0	23515	0	NA	0	NA	180	hgsvcsim	graphtyper_nodup	HG00514	all	geno	0.5
INS	0	0	13967	0	NA	0	NA	180	hgsvcsim	graphtyper_nodup	HG00514	all	geno	0.5
DEL	0	0	9548	0	NA	0	NA	180	hgsvcsim	graphtyper_nodup	HG00514	all	geno	0.5
Total	0	0	23515	0	NA	0	NA	250	hgsvcsim	graphtyper_nodup	HG00514	all	geno	0.5
INS	0	0	13967	0	NA	0	NA	250	hgsvcsim	graphtyper_nodup	HG00514	all	geno	0.5
DEL	0	0	9548	0	NA	0	NA	250	hgsvcsim	graphtyper_nodup	HG00514	all	geno	0.5
Total	0	0	23515	0	NA	0	NA	350	hgsvcsim	graphtyper_nodup	HG00514	all	geno	0.5
INS	0	0	13967	0	NA	0	NA	350	hgsvcsim	graphtyper_nodup	HG00514	all	geno	0.5
DEL	0	0	9548	0	NA	0	NA	350	hgsvcsim	graphtyper_nodup	HG00514	all	geno	0.5
Total	0	0	23515	0	NA	0	NA	450	hgsvcsim	graphtyper_nodup	HG00514	all	geno	0.5
INS	0	0	13967	0	NA	0	NA	450	hgsvcsim	graphtyper_nodup	HG00514	all	geno	0.5
DEL	0	0	9548	0	NA	0	NA	450	hgsvcsim	graphtyper_nodup	HG00514	all	geno	0.5
Total	0	0	23515	0	NA	0	NA	550	hgsvcsim	graphtyper_nodup	HG00514	all	geno	0.5
INS	0	0	13967	0	NA	0	NA	550	hgsvcsim	graphtyper_nodup	HG00514	all	geno	0.5
DEL	0	0	9548	0	NA	0	NA	550	hgsvcsim	graphtyper_nodup	HG00514	all	geno	0.5
Total	0	0	23515	0	NA	0	NA	650	hgsvcsim	graphtyper_nodup	HG00514	all	geno	0.5
INS	0	0	13967	0	NA	0	NA	650	hgsvcsim	graphtyper_nodup	HG00514	all	geno	0.5
DEL	0	0	9548	0	NA	0	NA	650	hgsvcsim	graphtyper_nodup	HG00514	all	geno	0.5
Total	47	7281	963	6662	0.9936	0.8737	0.9298	0	hgsvcsim	graphtyper_nodup	HG00514	highconf	call	0.5
INS	43	4571	627	3927	0.9907	0.8623	0.9221	0	hgsvcsim	graphtyper_nodup	HG00514	highconf	call	0.5
DEL	4	2710	336	2735	0.9985	0.8906	0.9415	0	hgsvcsim	graphtyper_nodup	HG00514	highconf	call	0.5
Total	47	7134	993	6632	0.9935	0.8698	0.9275	2	hgsvcsim	graphtyper_nodup	HG00514	highconf	call	0.5
INS	43	4550	641	3913	0.9906	0.8592	0.9202	2	hgsvcsim	graphtyper_nodup	HG00514	highconf	call	0.5
DEL	4	2584	352	2719	0.9985	0.8854	0.9386	2	hgsvcsim	graphtyper_nodup	HG00514	highconf	call	0.5
Total	46	7123	1001	6624	0.9936	0.8687	0.927	3	hgsvcsim	graphtyper_nodup	HG00514	highconf	call	0.5
INS	42	4539	649	3905	0.9908	0.8575	0.9193	3	hgsvcsim	graphtyper_nodup	HG00514	highconf	call	0.5
DEL	4	2584	352	2719	0.9985	0.8854	0.9386	3	hgsvcsim	graphtyper_nodup	HG00514	highconf	call	0.5
Total	44	7081	1024	6601	0.9938	0.8657	0.9253	4	hgsvcsim	graphtyper_nodup	HG00514	highconf	call	0.5
INS	40	4520	661	3893	0.9912	0.8549	0.918	4	hgsvcsim	graphtyper_nodup	HG00514	highconf	call	0.5
DEL	4	2561	363	2708	0.9984	0.8818	0.9365	4	hgsvcsim	graphtyper_nodup	HG00514	highconf	call	0.5
Total	44	7070	1036	6589	0.9938	0.8641	0.9244	5	hgsvcsim	graphtyper_nodup	HG00514	highconf	call	0.5
INS	40	4509	673	3881	0.9912	0.8522	0.9165	5	hgsvcsim	graphtyper_nodup	HG00514	highconf	call	0.5
DEL	4	2561	363	2708	0.9984	0.8818	0.9365	5	hgsvcsim	graphtyper_nodup	HG00514	highconf	call	0.5
Total	43	6998	1088	6537	0.9939	0.8573	0.9206	7	hgsvcsim	graphtyper_nodup	HG00514	highconf	call	0.5
INS	39	4455	712	3842	0.9913	0.8437	0.9116	7	hgsvcsim	graphtyper_nodup	HG00514	highconf	call	0.5
DEL	4	2543	376	2695	0.9984	0.8776	0.9341	7	hgsvcsim	graphtyper_nodup	HG00514	highconf	call	0.5
Total	43	6874	1195	6430	0.9938	0.8433	0.9124	10	hgsvcsim	graphtyper_nodup	HG00514	highconf	call	0.5
INS	39	4359	791	3763	0.9911	0.8263	0.9012	10	hgsvcsim	graphtyper_nodup	HG00514	highconf	call	0.5
DEL	4	2515	404	2667	0.9984	0.8684	0.9289	10	hgsvcsim	graphtyper_nodup	HG00514	highconf	call	0.5
Total	43	6864	1203	6422	0.9938	0.8422	0.9117	12	hgsvcsim	graphtyper_nodup	HG00514	highconf	call	0.5
INS	39	4349	799	3755	0.9911	0.8245	0.9002	12	hgsvcsim	graphtyper_nodup	HG00514	highconf	call	0.5
DEL	4	2515	404	2667	0.9984	0.8684	0.9289	12	hgsvcsim	graphtyper_nodup	HG00514	highconf	call	0.5
Total	42	6725	1296	6329	0.9938	0.83	0.9045	14	hgsvcsim	graphtyper_nodup	HG00514	highconf	call	0.5
INS	39	4264	846	3708	0.9909	0.8142	0.8939	14	hgsvcsim	graphtyper_nodup	HG00514	highconf	call	0.5
DEL	3	2461	450	2621	0.9988	0.8535	0.9205	14	hgsvcsim	graphtyper_nodup	HG00514	highconf	call	0.5
Total	40	6473	1511	6114	0.9939	0.8018	0.8876	21	hgsvcsim	graphtyper_nodup	HG00514	highconf	call	0.5
INS	38	4098	994	3560	0.9908	0.7817	0.8739	21	hgsvcsim	graphtyper_nodup	HG00514	highconf	call	0.5
DEL	2	2375	517	2554	0.9992	0.8317	0.9078	21	hgsvcsim	graphtyper_nodup	HG00514	highconf	call	0.5
Total	37	6120	1816	5809	0.994	0.7618	0.8625	27	hgsvcsim	graphtyper_nodup	HG00514	highconf	call	0.5
INS	35	3887	1179	3375	0.9911	0.7411	0.8481	27	hgsvcsim	graphtyper_nodup	HG00514	highconf	call	0.5
DEL	2	2233	637	2434	0.9991	0.7926	0.884	27	hgsvcsim	graphtyper_nodup	HG00514	highconf	call	0.5
Total	32	5428	2516	5109	0.9941	0.67	0.8005	35	hgsvcsim	graphtyper_nodup	HG00514	highconf	call	0.5
INS	31	3475	1603	2951	0.9912	0.648	0.7837	35	hgsvcsim	graphtyper_nodup	HG00514	highconf	call	0.5
DEL	1	1953	913	2158	0.9995	0.7027	0.8252	35	hgsvcsim	graphtyper_nodup	HG00514	highconf	call	0.5
Total	28	4681	3270	4355	0.9941	0.5711	0.7254	45	hgsvcsim	graphtyper_nodup	HG00514	highconf	call	0.5
INS	28	3059	2039	2515	0.9909	0.5523	0.7093	45	hgsvcsim	graphtyper_nodup	HG00514	highconf	call	0.5
DEL	0	1622	1231	1840	1	0.5992	0.7494	45	hgsvcsim	graphtyper_nodup	HG00514	highconf	call	0.5
Total	21	4138	3788	3837	0.995	0.5032	0.6684	50	hgsvcsim	graphtyper_nodup	HG00514	highconf	call	0.5
INS	21	2738	2324	2230	0.9924	0.4897	0.6558	50	hgsvcsim	graphtyper_nodup	HG00514	highconf	call	0.5
DEL	0	1400	1464	1607	1	0.5233	0.6871	50	hgsvcsim	graphtyper_nodup	HG00514	highconf	call	0.5
Total	18	3485	4448	3177	0.9949	0.4167	0.5874	60	hgsvcsim	graphtyper_nodup	HG00514	highconf	call	0.5
INS	18	2363	2686	1868	0.9924	0.4102	0.5805	60	hgsvcsim	graphtyper_nodup	HG00514	highconf	call	0.5
DEL	0	1122	1762	1309	1	0.4262	0.5977	60	hgsvcsim	graphtyper_nodup	HG00514	highconf	call	0.5
Total	14	2509	5392	2233	0.9945	0.2929	0.4525	75	hgsvcsim	graphtyper_nodup	HG00514	highconf	call	0.5
INS	14	1744	3236	1318	0.992	0.2894	0.4481	75	hgsvcsim	graphtyper_nodup	HG00514	highconf	call	0.5
DEL	0	765	2156	915	1	0.2979	0.459	75	hgsvcsim	graphtyper_nodup	HG00514	highconf	call	0.5
Total	11	1786	6069	1556	0.9939	0.2041	0.3387	90	hgsvcsim	graphtyper_nodup	HG00514	highconf	call	0.5
INS	11	1289	3599	955	0.9915	0.2097	0.3462	90	hgsvcsim	graphtyper_nodup	HG00514	highconf	call	0.5
DEL	0	497	2470	601	1	0.1957	0.3273	90	hgsvcsim	graphtyper_nodup	HG00514	highconf	call	0.5
Total	9	1475	6372	1253	0.9939	0.1643	0.282	99	hgsvcsim	graphtyper_nodup	HG00514	highconf	call	0.5
INS	9	1108	3745	809	0.9919	0.1776	0.3013	99	hgsvcsim	graphtyper_nodup	HG00514	highconf	call	0.5
DEL	0	367	2627	444	1	0.1446	0.2527	99	hgsvcsim	graphtyper_nodup	HG00514	highconf	call	0.5
Total	0	0	7625	0	NA	0	NA	110	hgsvcsim	graphtyper_nodup	HG00514	highconf	call	0.5
INS	0	0	4554	0	NA	0	NA	110	hgsvcsim	graphtyper_nodup	HG00514	highconf	call	0.5
DEL	0	0	3071	0	NA	0	NA	110	hgsvcsim	graphtyper_nodup	HG00514	highconf	call	0.5
Total	0	0	7625	0	NA	0	NA	133	hgsvcsim	graphtyper_nodup	HG00514	highconf	call	0.5
INS	0	0	4554	0	NA	0	NA	133	hgsvcsim	graphtyper_nodup	HG00514	highconf	call	0.5
DEL	0	0	3071	0	NA	0	NA	133	hgsvcsim	graphtyper_nodup	HG00514	highconf	call	0.5
Total	0	0	7625	0	NA	0	NA	167	hgsvcsim	graphtyper_nodup	HG00514	highconf	call	0.5
INS	0	0	4554	0	NA	0	NA	167	hgsvcsim	graphtyper_nodup	HG00514	highconf	call	0.5
DEL	0	0	3071	0	NA	0	NA	167	hgsvcsim	graphtyper_nodup	HG00514	highconf	call	0.5
Total	0	0	7625	0	NA	0	NA	180	hgsvcsim	graphtyper_nodup	HG00514	highconf	call	0.5
INS	0	0	4554	0	NA	0	NA	180	hgsvcsim	graphtyper_nodup	HG00514	highconf	call	0.5
DEL	0	0	3071	0	NA	0	NA	180	hgsvcsim	graphtyper_nodup	HG00514	highconf	call	0.5
Total	0	0	7625	0	NA	0	NA	250	hgsvcsim	graphtyper_nodup	HG00514	highconf	call	0.5
INS	0	0	4554	0	NA	0	NA	250	hgsvcsim	graphtyper_nodup	HG00514	highconf	call	0.5
DEL	0	0	3071	0	NA	0	NA	250	hgsvcsim	graphtyper_nodup	HG00514	highconf	call	0.5
Total	0	0	7625	0	NA	0	NA	350	hgsvcsim	graphtyper_nodup	HG00514	highconf	call	0.5
INS	0	0	4554	0	NA	0	NA	350	hgsvcsim	graphtyper_nodup	HG00514	highconf	call	0.5
DEL	0	0	3071	0	NA	0	NA	350	hgsvcsim	graphtyper_nodup	HG00514	highconf	call	0.5
Total	0	0	7625	0	NA	0	NA	450	hgsvcsim	graphtyper_nodup	HG00514	highconf	call	0.5
INS	0	0	4554	0	NA	0	NA	450	hgsvcsim	graphtyper_nodup	HG00514	highconf	call	0.5
DEL	0	0	3071	0	NA	0	NA	450	hgsvcsim	graphtyper_nodup	HG00514	highconf	call	0.5
Total	0	0	7625	0	NA	0	NA	550	hgsvcsim	graphtyper_nodup	HG00514	highconf	call	0.5
INS	0	0	4554	0	NA	0	NA	550	hgsvcsim	graphtyper_nodup	HG00514	highconf	call	0.5
DEL	0	0	3071	0	NA	0	NA	550	hgsvcsim	graphtyper_nodup	HG00514	highconf	call	0.5
Total	0	0	7625	0	NA	0	NA	650	hgsvcsim	graphtyper_nodup	HG00514	highconf	call	0.5
INS	0	0	4554	0	NA	0	NA	650	hgsvcsim	graphtyper_nodup	HG00514	highconf	call	0.5
DEL	0	0	3071	0	NA	0	NA	650	hgsvcsim	graphtyper_nodup	HG00514	highconf	call	0.5
Total	889	6094	1129	5228	0.8727	0.8224	0.8468	0	hgsvcsim	graphtyper_nodup	HG00514	highconf	geno	0.5
INS	648	3760	752	2894	0.853	0.7937	0.8223	0	hgsvcsim	graphtyper_nodup	HG00514	highconf	geno	0.5
DEL	241	2334	377	2334	0.9064	0.8609	0.8831	0	hgsvcsim	graphtyper_nodup	HG00514	highconf	geno	0.5
Total	872	6080	1142	5215	0.8746	0.8204	0.8466	2	hgsvcsim	graphtyper_nodup	HG00514	highconf	geno	0.5
INS	637	3751	760	2886	0.8548	0.7916	0.822	2	hgsvcsim	graphtyper_nodup	HG00514	highconf	geno	0.5
DEL	235	2329	382	2329	0.9083	0.8591	0.883	2	hgsvcsim	graphtyper_nodup	HG00514	highconf	geno	0.5
Total	864	6076	1146	5211	0.8755	0.8197	0.8467	3	hgsvcsim	graphtyper_nodup	HG00514	highconf	geno	0.5
INS	629	3747	764	2882	0.8563	0.7905	0.8221	3	hgsvcsim	graphtyper_nodup	HG00514	highconf	geno	0.5
DEL	235	2329	382	2329	0.9083	0.8591	0.883	3	hgsvcsim	graphtyper_nodup	HG00514	highconf	geno	0.5
Total	850	6049	1169	5188	0.8768	0.8161	0.8454	4	hgsvcsim	graphtyper_nodup	HG00514	highconf	geno	0.5
INS	619	3739	768	2878	0.858	0.7894	0.8223	4	hgsvcsim	graphtyper_nodup	HG00514	highconf	geno	0.5
DEL	231	2310	401	2310	0.9091	0.8521	0.8797	4	hgsvcsim	graphtyper_nodup	HG00514	highconf	geno	0.5
Total	843	6045	1173	5184	0.8776	0.8155	0.8454	5	hgsvcsim	graphtyper_nodup	HG00514	highconf	geno	0.5
INS	612	3735	772	2874	0.8592	0.7883	0.8222	5	hgsvcsim	graphtyper_nodup	HG00514	highconf	geno	0.5
DEL	231	2310	401	2310	0.9091	0.8521	0.8797	5	hgsvcsim	graphtyper_nodup	HG00514	highconf	geno	0.5
Total	820	6001	1212	5145	0.8798	0.8093	0.8431	7	hgsvcsim	graphtyper_nodup	HG00514	highconf	geno	0.5
INS	592	3702	800	2846	0.8621	0.7806	0.8193	7	hgsvcsim	graphtyper_nodup	HG00514	highconf	geno	0.5
DEL	228	2299	412	2299	0.9098	0.848	0.8778	7	hgsvcsim	graphtyper_nodup	HG00514	highconf	geno	0.5
Total	777	5922	1278	5079	0.884	0.799	0.8394	10	hgsvcsim	graphtyper_nodup	HG00514	highconf	geno	0.5
INS	556	3644	845	2801	0.8676	0.7682	0.8149	10	hgsvcsim	graphtyper_nodup	HG00514	highconf	geno	0.5
DEL	221	2278	433	2278	0.9116	0.8403	0.8745	10	hgsvcsim	graphtyper_nodup	HG00514	highconf	geno	0.5
Total	774	5914	1286	5071	0.8843	0.7977	0.8388	12	hgsvcsim	graphtyper_nodup	HG00514	highconf	geno	0.5
INS	553	3637	852	2794	0.868	0.7663	0.814	12	hgsvcsim	graphtyper_nodup	HG00514	highconf	geno	0.5
DEL	221	2277	434	2277	0.9115	0.8399	0.8742	12	hgsvcsim	graphtyper_nodup	HG00514	highconf	geno	0.5
Total	739	5809	1374	4983	0.8871	0.7839	0.8323	14	hgsvcsim	graphtyper_nodup	HG00514	highconf	geno	0.5
INS	527	3583	889	2757	0.8718	0.7562	0.8099	14	hgsvcsim	graphtyper_nodup	HG00514	highconf	geno	0.5
DEL	212	2226	485	2226	0.913	0.8211	0.8646	14	hgsvcsim	graphtyper_nodup	HG00514	highconf	geno	0.5
Total	690	5598	1562	4795	0.8903	0.7543	0.8167	21	hgsvcsim	graphtyper_nodup	HG00514	highconf	geno	0.5
INS	488	3456	993	2653	0.8763	0.7276	0.7951	21	hgsvcsim	graphtyper_nodup	HG00514	highconf	geno	0.5
DEL	202	2142	569	2142	0.9138	0.7901	0.8475	21	hgsvcsim	graphtyper_nodup	HG00514	highconf	geno	0.5
Total	644	5292	1822	4535	0.8915	0.7134	0.7926	27	hgsvcsim	graphtyper_nodup	HG00514	highconf	geno	0.5
INS	453	3278	1125	2521	0.8786	0.6914	0.7738	27	hgsvcsim	graphtyper_nodup	HG00514	highconf	geno	0.5
DEL	191	2014	697	2014	0.9134	0.7429	0.8194	27	hgsvcsim	graphtyper_nodup	HG00514	highconf	geno	0.5
Total	566	4672	2380	3977	0.8919	0.6256	0.7354	35	hgsvcsim	graphtyper_nodup	HG00514	highconf	geno	0.5
INS	393	2936	1405	2241	0.8819	0.6146	0.7244	35	hgsvcsim	graphtyper_nodup	HG00514	highconf	geno	0.5
DEL	173	1736	975	1736	0.9094	0.6404	0.7516	35	hgsvcsim	graphtyper_nodup	HG00514	highconf	geno	0.5
Total	512	3952	3034	3323	0.8853	0.5227	0.6573	45	hgsvcsim	graphtyper_nodup	HG00514	highconf	geno	0.5
INS	355	2556	1719	1927	0.878	0.5285	0.6598	45	hgsvcsim	graphtyper_nodup	HG00514	highconf	geno	0.5
DEL	157	1396	1315	1396	0.8989	0.5149	0.6548	45	hgsvcsim	graphtyper_nodup	HG00514	highconf	geno	0.5
Total	462	3430	3497	2860	0.8813	0.4499	0.5957	50	hgsvcsim	graphtyper_nodup	HG00514	highconf	geno	0.5
INS	319	2281	1935	1711	0.8773	0.4693	0.6115	50	hgsvcsim	graphtyper_nodup	HG00514	highconf	geno	0.5
DEL	143	1149	1562	1149	0.8893	0.4238	0.574	50	hgsvcsim	graphtyper_nodup	HG00514	highconf	geno	0.5
Total	410	2852	4011	2346	0.8743	0.369	0.519	60	hgsvcsim	graphtyper_nodup	HG00514	highconf	geno	0.5
INS	286	1957	2195	1451	0.8725	0.398	0.5466	60	hgsvcsim	graphtyper_nodup	HG00514	highconf	geno	0.5
DEL	124	895	1816	895	0.8783	0.3301	0.4799	60	hgsvcsim	graphtyper_nodup	HG00514	highconf	geno	0.5
Total	311	2031	4718	1639	0.8672	0.2578	0.3974	75	hgsvcsim	graphtyper_nodup	HG00514	highconf	geno	0.5
INS	223	1430	2608	1038	0.8651	0.2847	0.4284	75	hgsvcsim	graphtyper_nodup	HG00514	highconf	geno	0.5
DEL	88	601	2110	601	0.8723	0.2217	0.3535	75	hgsvcsim	graphtyper_nodup	HG00514	highconf	geno	0.5
Total	215	1417	5228	1129	0.8683	0.1776	0.2949	90	hgsvcsim	graphtyper_nodup	HG00514	highconf	geno	0.5
INS	160	1021	2913	733	0.8645	0.201	0.3262	90	hgsvcsim	graphtyper_nodup	HG00514	highconf	geno	0.5
DEL	55	396	2315	396	0.878	0.1461	0.2505	90	hgsvcsim	graphtyper_nodup	HG00514	highconf	geno	0.5
Total	178	1147	5448	909	0.8657	0.143	0.2455	99	hgsvcsim	graphtyper_nodup	HG00514	highconf	geno	0.5
INS	135	854	3030	616	0.8635	0.169	0.2827	99	hgsvcsim	graphtyper_nodup	HG00514	highconf	geno	0.5
DEL	43	293	2418	293	0.872	0.1081	0.1924	99	hgsvcsim	graphtyper_nodup	HG00514	highconf	geno	0.5
Total	0	0	6357	0	NA	0	NA	110	hgsvcsim	graphtyper_nodup	HG00514	highconf	geno	0.5
INS	0	0	3646	0	NA	0	NA	110	hgsvcsim	graphtyper_nodup	HG00514	highconf	geno	0.5
DEL	0	0	2711	0	NA	0	NA	110	hgsvcsim	graphtyper_nodup	HG00514	highconf	geno	0.5
Total	0	0	6357	0	NA	0	NA	133	hgsvcsim	graphtyper_nodup	HG00514	highconf	geno	0.5
INS	0	0	3646	0	NA	0	NA	133	hgsvcsim	graphtyper_nodup	HG00514	highconf	geno	0.5
DEL	0	0	2711	0	NA	0	NA	133	hgsvcsim	graphtyper_nodup	HG00514	highconf	geno	0.5
Total	0	0	6357	0	NA	0	NA	167	hgsvcsim	graphtyper_nodup	HG00514	highconf	geno	0.5
INS	0	0	3646	0	NA	0	NA	167	hgsvcsim	graphtyper_nodup	HG00514	highconf	geno	0.5
DEL	0	0	2711	0	NA	0	NA	167	hgsvcsim	graphtyper_nodup	HG00514	highconf	geno	0.5
Total	0	0	6357	0	NA	0	NA	180	hgsvcsim	graphtyper_nodup	HG00514	highconf	geno	0.5
INS	0	0	3646	0	NA	0	NA	180	hgsvcsim	graphtyper_nodup	HG00514	highconf	geno	0.5
DEL	0	0	2711	0	NA	0	NA	180	hgsvcsim	graphtyper_nodup	HG00514	highconf	geno	0.5
Total	0	0	6357	0	NA	0	NA	250	hgsvcsim	graphtyper_nodup	HG00514	highconf	geno	0.5
INS	0	0	3646	0	NA	0	NA	250	hgsvcsim	graphtyper_nodup	HG00514	highconf	geno	0.5
DEL	0	0	2711	0	NA	0	NA	250	hgsvcsim	graphtyper_nodup	HG00514	highconf	geno	0.5
Total	0	0	6357	0	NA	0	NA	350	hgsvcsim	graphtyper_nodup	HG00514	highconf	geno	0.5
INS	0	0	3646	0	NA	0	NA	350	hgsvcsim	graphtyper_nodup	HG00514	highconf	geno	0.5
DEL	0	0	2711	0	NA	0	NA	350	hgsvcsim	graphtyper_nodup	HG00514	highconf	geno	0.5
Total	0	0	6357	0	NA	0	NA	450	hgsvcsim	graphtyper_nodup	HG00514	highconf	geno	0.5
INS	0	0	3646	0	NA	0	NA	450	hgsvcsim	graphtyper_nodup	HG00514	highconf	geno	0.5
DEL	0	0	2711	0	NA	0	NA	450	hgsvcsim	graphtyper_nodup	HG00514	highconf	geno	0.5
Total	0	0	6357	0	NA	0	NA	550	hgsvcsim	graphtyper_nodup	HG00514	highconf	geno	0.5
INS	0	0	3646	0	NA	0	NA	550	hgsvcsim	graphtyper_nodup	HG00514	highconf	geno	0.5
DEL	0	0	2711	0	NA	0	NA	550	hgsvcsim	graphtyper_nodup	HG00514	highconf	geno	0.5
Total	0	0	6357	0	NA	0	NA	650	hgsvcsim	graphtyper_nodup	HG00514	highconf	geno	0.5
INS	0	0	3646	0	NA	0	NA	650	hgsvcsim	graphtyper_nodup	HG00514	highconf	geno	0.5
DEL	0	0	2711	0	NA	0	NA	650	hgsvcsim	graphtyper_nodup	HG00514	highconf	geno	0.5
