entity:pedigree_id	FamilyID	FatherID	MotherID	Population	Sex	Superpopulation
HG00096	HG00096	0	0	GBR	1	EUR
HG00097	HG00097	0	0	GBR	2	EUR
HG00099	HG00099	0	0	GBR	2	EUR
HG00100	HG00100	0	0	GBR	2	EUR
HG00101	HG00101	0	0	GBR	1	EUR
HG00102	HG00102	0	0	GBR	2	EUR
HG00103	HG00103	0	0	GBR	1	EUR
HG00105	HG00105	0	0	GBR	1	EUR
HG00106	HG00106	0	0	GBR	2	EUR
HG00107	HG00107	0	0	GBR	1	EUR
HG00108	HG00108	0	0	GBR	1	EUR
HG00109	HG00109	0	0	GBR	1	EUR
HG00110	HG00110	0	0	GBR	2	EUR
HG00111	HG00111	0	0	GBR	2	EUR
HG00112	HG00112	0	0	GBR	1	EUR
HG00113	HG00113	0	0	GBR	1	EUR
HG00114	HG00114	0	0	GBR	1	EUR
HG00115	HG00115	0	0	GBR	1	EUR
HG00116	HG00116	0	0	GBR	1	EUR
HG00117	HG00117	0	0	GBR	1	EUR
HG00118	HG00118	0	0	GBR	2	EUR
HG00119	HG00119	0	0	GBR	1	EUR
HG00120	HG00120	0	0	GBR	2	EUR
HG00121	HG00121	0	0	GBR	2	EUR
HG00122	HG00122	0	0	GBR	2	EUR
HG00123	HG00123	0	0	GBR	2	EUR
HG00125	HG00125	0	0	GBR	2	EUR
HG00126	HG00126	0	0	GBR	1	EUR
HG00127	HG00127	0	0	GBR	2	EUR
HG00128	HG00128	0	0	GBR	2	EUR
HG00129	HG00129	0	0	GBR	1	EUR
HG00130	HG00130	0	0	GBR	2	EUR
HG00131	HG00131	0	0	GBR	1	EUR
HG00132	HG00132	0	0	GBR	2	EUR
HG00133	HG00133	0	0	GBR	2	EUR
HG00136	HG00136	0	0	GBR	1	EUR
HG00137	HG00137	0	0	GBR	2	EUR
HG00138	HG00138	0	0	GBR	1	EUR
HG00139	HG00139	0	0	GBR	1	EUR
HG00140	HG00140	0	0	GBR	1	EUR
HG00141	HG00141	0	0	GBR	1	EUR
HG00142	HG00142	0	0	GBR	1	EUR
HG00143	HG00143	0	0	GBR	1	EUR
HG00145	HG00145	0	0	GBR	1	EUR
HG00146	GBR002	0	0	GBR	2	EUR
HG00148	HG00148	0	0	GBR	1	EUR
HG00149	HG00149	0	0	GBR	1	EUR
HG00150	HG00150	0	0	GBR	2	EUR
HG00151	HG00151	0	0	GBR	1	EUR
HG00154	HG00154	0	0	GBR	2	EUR
HG00155	GBR001	0	HG00144	GBR	1	EUR
HG00157	HG00157	0	0	GBR	1	EUR
HG00158	GBR003	0	0	GBR	2	EUR
HG00159	HG00159	0	0	GBR	1	EUR
HG00160	HG00160	0	0	GBR	1	EUR
HG00171	HG00171	0	0	FIN	2	EUR
HG00173	HG00173	0	0	FIN	2	EUR
HG00174	HG00174	0	0	FIN	2	EUR
HG00176	HG00176	0	0	FIN	2	EUR
HG00177	HG00177	0	0	FIN	2	EUR
HG00178	HG00178	0	0	FIN	2	EUR
HG00179	HG00179	0	0	FIN	2	EUR
HG00180	HG00180	0	0	FIN	2	EUR
HG00181	HG00181	0	0	FIN	1	EUR
HG00182	HG00182	0	0	FIN	1	EUR
HG00183	HG00183	0	0	FIN	1	EUR
HG00185	HG00185	0	0	FIN	1	EUR
HG00186	HG00186	0	0	FIN	1	EUR
HG00187	HG00187	0	0	FIN	1	EUR
HG00188	HG00188	0	0	FIN	1	EUR
HG00189	HG00189	0	0	FIN	1	EUR
HG00190	HG00190	0	0	FIN	1	EUR
HG00231	HG00231	0	0	GBR	2	EUR
HG00232	HG00232	0	0	GBR	2	EUR
HG00233	HG00233	0	0	GBR	2	EUR
HG00234	HG00234	0	0	GBR	1	EUR
HG00235	HG00235	0	0	GBR	2	EUR
HG00236	HG00236	0	0	GBR	2	EUR
HG00237	HG00237	0	0	GBR	2	EUR
HG00238	HG00238	0	0	GBR	2	EUR
HG00239	HG00239	0	0	GBR	2	EUR
HG00240	HG00240	0	0	GBR	2	EUR
HG00242	HG00242	0	0	GBR	1	EUR
HG00243	HG00243	0	0	GBR	1	EUR
HG00244	HG00244	0	0	GBR	1	EUR
HG00245	HG00245	0	0	GBR	2	EUR
HG00246	HG00246	0	0	GBR	1	EUR
HG00250	HG00250	0	0	GBR	2	EUR
HG00251	HG00251	0	0	GBR	1	EUR
HG00252	HG00252	0	0	GBR	1	EUR
HG00253	HG00253	0	0	GBR	2	EUR
HG00254	HG00254	0	0	GBR	2	EUR
HG00255	HG00255	0	0	GBR	2	EUR
HG00256	HG00256	0	0	GBR	1	EUR
HG00257	HG00257	0	0	GBR	2	EUR
HG00258	HG00258	0	0	GBR	2	EUR
HG00259	HG00259	0	0	GBR	2	EUR
HG00260	HG00260	0	0	GBR	1	EUR
HG00261	HG00261	0	0	GBR	2	EUR
HG00262	HG00262	0	0	GBR	2	EUR
HG00263	HG00263	0	0	GBR	2	EUR
HG00264	HG00264	0	0	GBR	1	EUR
HG00265	HG00265	0	0	GBR	1	EUR
HG00266	HG00266	0	0	FIN	2	EUR
HG00267	HG00267	0	0	FIN	1	EUR
HG00268	HG00268	0	0	FIN	2	EUR
HG00269	HG00269	0	0	FIN	2	EUR
HG00271	HG00271	0	0	FIN	1	EUR
HG00272	HG00272	0	0	FIN	2	EUR
HG00273	HG00273	0	0	FIN	1	EUR
HG00274	HG00274	0	0	FIN	2	EUR
HG00275	HG00275	0	0	FIN	2	EUR
HG00276	HG00276	0	0	FIN	2	EUR
HG00277	HG00277	0	0	FIN	1	EUR
HG00278	HG00278	0	0	FIN	1	EUR
HG00280	HG00280	0	0	FIN	1	EUR
HG00281	HG00281	0	0	FIN	2	EUR
HG00282	HG00282	0	0	FIN	2	EUR
HG00284	HG00284	0	0	FIN	1	EUR
HG00285	HG00285	0	0	FIN	2	EUR
HG00288	HG00288	0	0	FIN	2	EUR
HG00290	HG00290	0	0	FIN	1	EUR
HG00304	HG00304	0	0	FIN	2	EUR
HG00306	HG00306	0	0	FIN	2	EUR
HG00308	HG00308	0	0	FIN	1	EUR
HG00309	HG00309	0	0	FIN	2	EUR
HG00310	HG00310	0	0	FIN	1	EUR
HG00311	HG00311	0	0	FIN	1	EUR
HG00313	HG00313	0	0	FIN	2	EUR
HG00315	HG00315	0	0	FIN	2	EUR
HG00318	HG00318	0	0	FIN	2	EUR
HG00319	HG00319	0	0	FIN	2	EUR
HG00320	HG00320	0	0	FIN	2	EUR
HG00321	HG00321	0	0	FIN	1	EUR
HG00323	HG00323	0	0	FIN	2	EUR
HG00324	HG00324	0	0	FIN	2	EUR
HG00325	HG00325	0	0	FIN	1	EUR
HG00326	HG00326	0	0	FIN	2	EUR
HG00327	HG00327	0	0	FIN	2	EUR
HG00328	HG00328	0	0	FIN	2	EUR
HG00329	HG00329	0	0	FIN	1	EUR
HG00330	HG00330	0	0	FIN	2	EUR
HG00331	HG00331	0	0	FIN	2	EUR
HG00332	HG00332	0	0	FIN	2	EUR
HG00334	HG00334	0	0	FIN	2	EUR
HG00335	HG00335	0	0	FIN	1	EUR
HG00336	HG00336	0	0	FIN	1	EUR
HG00337	HG00337	0	0	FIN	2	EUR
HG00338	HG00338	0	0	FIN	1	EUR
HG00339	HG00339	0	0	FIN	2	EUR
HG00341	HG00341	0	0	FIN	1	EUR
HG00342	HG00342	0	0	FIN	1	EUR
HG00343	HG00343	0	0	FIN	2	EUR
HG00344	HG00344	0	0	FIN	2	EUR
HG00345	HG00345	0	0	FIN	1	EUR
HG00346	HG00346	0	0	FIN	2	EUR
HG00349	HG00349	0	0	FIN	2	EUR
HG00350	HG00350	0	0	FIN	2	EUR
HG00351	HG00351	0	0	FIN	1	EUR
HG00353	HG00353	0	0	FIN	2	EUR
HG00355	HG00355	0	0	FIN	2	EUR
HG00356	HG00356	0	0	FIN	2	EUR
HG00357	HG00357	0	0	FIN	2	EUR
HG00358	HG00358	0	0	FIN	1	EUR
HG00360	HG00360	0	0	FIN	1	EUR
HG00361	HG00361	0	0	FIN	2	EUR
HG00362	HG00362	0	0	FIN	2	EUR
HG00364	HG00364	0	0	FIN	2	EUR
HG00365	HG00365	0	0	FIN	2	EUR
HG00366	HG00366	0	0	FIN	1	EUR
HG00367	HG00367	0	0	FIN	2	EUR
HG00368	HG00368	0	0	FIN	2	EUR
HG00369	HG00369	0	0	FIN	1	EUR
HG00371	HG00371	0	0	FIN	1	EUR
HG00372	HG00372	0	0	FIN	1	EUR
HG00373	HG00373	0	0	FIN	2	EUR
HG00375	HG00375	0	0	FIN	1	EUR
HG00376	HG00376	0	0	FIN	2	EUR
HG00378	HG00378	0	0	FIN	2	EUR
HG00379	HG00379	0	0	FIN	2	EUR
HG00380	HG00380	0	0	FIN	2	EUR
HG00381	HG00381	0	0	FIN	2	EUR
HG00382	HG00382	0	0	FIN	1	EUR
HG00383	HG00383	0	0	FIN	2	EUR
HG00384	HG00384	0	0	FIN	2	EUR
HG00403	SH001	0	0	CHS	1	EAS
HG00404	SH001	0	0	CHS	2	EAS
HG00405	SH001	HG00403	HG00404	CHS	2	EAS
HG00406	SH002	0	0	CHS	1	EAS
HG00407	SH002	0	0	CHS	2	EAS
HG00408	SH002	HG00406	HG00407	CHS	2	EAS
HG00409	SH003	0	0	CHS	1	EAS
HG00410	SH003	0	0	CHS	2	EAS
HG00418	SH006	0	0	CHS	1	EAS
HG00419	SH006	0	0	CHS	2	EAS
HG00420	SH006	HG00418	HG00419	CHS	1	EAS
HG00421	SH007	0	0	CHS	1	EAS
HG00422	SH007	0	0	CHS	2	EAS
HG00423	SH007	HG00421	HG00422	CHS	2	EAS
HG00427	SH009	0	0	CHS	1	EAS
HG00428	SH009	0	0	CHS	2	EAS
HG00429	SH009	HG00427	HG00428	CHS	1	EAS
HG00436	SH012	0	0	CHS	1	EAS
HG00437	SH012	0	0	CHS	2	EAS
HG00438	SH012	HG00436	HG00437	CHS	2	EAS
HG00442	SH014	0	0	CHS	1	EAS
HG00443	SH014	0	0	CHS	2	EAS
HG00444	SH014	HG00442	HG00443	CHS	1	EAS
HG00445	SH015	0	0	CHS	1	EAS
HG00446	SH015	0	0	CHS	2	EAS
HG00447	SH015	HG00445	HG00446	CHS	2	EAS
HG00448	SH016	0	0	CHS	1	EAS
HG00449	SH016	0	0	CHS	2	EAS
HG00450	SH016	HG00448	HG00449	CHS	2	EAS
HG00451	SH017	0	0	CHS	1	EAS
HG00452	SH017	0	0	CHS	2	EAS
HG00453	SH017	HG00451	HG00452	CHS	2	EAS
HG00457	SH019	0	0	CHS	1	EAS
HG00458	SH019	0	0	CHS	2	EAS
HG00459	SH019	HG00457	HG00458	CHS	1	EAS
HG00463	SH021	0	0	CHS	1	EAS
HG00464	SH021	0	0	CHS	2	EAS
HG00465	SH021	HG00463	HG00464	CHS	1	EAS
HG00472	SH024	0	0	CHS	1	EAS
HG00473	SH024	0	0	CHS	2	EAS
HG00474	SH024	HG00472	HG00473	CHS	1	EAS
HG00475	SH025	0	0	CHS	1	EAS
HG00476	SH025	0	0	CHS	2	EAS
HG00477	SH025	HG00475	HG00476	CHS	1	EAS
HG00478	SH026	0	0	CHS	1	EAS
HG00479	SH026	0	0	CHS	2	EAS
HG00480	SH026	HG00478	HG00479	CHS	1	EAS
HG00500	SH028	0	0	CHS	1	EAS
HG00501	SH028	0	0	CHS	2	EAS
HG00502	SH028	HG00500	HG00501	CHS	1	EAS
HG00512	SH032	0	0	CHS	1	EAS
HG00513	SH032	0	0	CHS	2	EAS
HG00514	SH032	HG00512	HG00513	CHS	2	EAS
HG00524	SH036	0	0	CHS	1	EAS
HG00525	SH036	0	0	CHS	2	EAS
HG00526	SH036	HG00524	HG00525	CHS	1	EAS
HG00530	SH038	0	0	CHS	1	EAS
HG00531	SH038	0	0	CHS	2	EAS
HG00532	SH038	HG00530	HG00531	CHS	1	EAS
HG00533	SH039	0	0	CHS	1	EAS
HG00534	SH039	0	0	CHS	2	EAS
HG00535	SH039	HG00533	HG00534	CHS	1	EAS
HG00536	SH040	0	0	CHS	1	EAS
HG00537	SH040	0	0	CHS	2	EAS
HG00538	SH040	HG00536	HG00537	CHS	1	EAS
HG00542	SH042	0	0	CHS	1	EAS
HG00543	SH042	0	0	CHS	2	EAS
HG00544	SH042	HG00542	HG00543	CHS	2	EAS
HG00551	PR01	0	0	PUR	2	AMR
HG00552	PR01	HG01075	HG00551	PUR	1	AMR
HG00553	PR02	0	0	PUR	1	AMR
HG00554	PR02	0	0	PUR	2	AMR
HG00555	PR02	HG00553	HG00554	PUR	2	AMR
HG00556	SH045	0	0	CHS	1	EAS
HG00557	SH045	0	0	CHS	2	EAS
HG00558	SH045	HG00556	HG00557	CHS	2	EAS
HG00559	SH046	0	0	CHS	1	EAS
HG00560	SH046	0	0	CHS	2	EAS
HG00561	SH046	HG00559	HG00560	CHS	2	EAS
HG00565	SH048	0	0	CHS	1	EAS
HG00566	SH048	0	0	CHS	2	EAS
HG00567	SH048	HG00565	HG00566	CHS	1	EAS
HG00577	SH052	0	0	CHS	1	EAS
HG00578	SH052	0	0	CHS	2	EAS
HG00579	SH052	HG00577	HG00578	CHS	2	EAS
HG00580	SH053	0	0	CHS	1	EAS
HG00581	SH053	0	0	CHS	2	EAS
HG00582	SH053	HG00580	HG00581	CHS	2	EAS
HG00583	SH054	0	0	CHS	1	EAS
HG00584	SH054	0	0	CHS	2	EAS
HG00585	SH054	HG00583	HG00584	CHS	2	EAS
HG00589	SH056	0	0	CHS	1	EAS
HG00590	SH056	0	0	CHS	2	EAS
HG00591	SH056	HG00589	HG00590	CHS	1	EAS
HG00592	SH057	0	0	CHS	1	EAS
HG00593	SH057	0	0	CHS	2	EAS
HG00594	SH057	HG00592	HG00593	CHS	1	EAS
HG00595	SH058	0	0	CHS	1	EAS
HG00596	SH058	0	0	CHS	2	EAS
HG00597	SH058	HG00595	HG00596	CHS	2	EAS
HG00598	SH059	0	0	CHS	1	EAS
HG00599	SH059	0	0	CHS	2	EAS
HG00607	SH062	0	0	CHS	1	EAS
HG00608	SH062	0	0	CHS	2	EAS
HG00609	SH062	HG00607	HG00608	CHS	1	EAS
HG00610	SH063	0	0	CHS	1	EAS
HG00611	SH063	0	0	CHS	2	EAS
HG00612	SH063	HG00610	HG00611	CHS	2	EAS
HG00613	SH064	0	0	CHS	1	EAS
HG00614	SH064	0	0	CHS	2	EAS
HG00615	SH064	HG00613	HG00614	CHS	2	EAS
HG00619	SH066	0	0	CHS	1	EAS
HG00620	SH066	0	0	CHS	2	EAS
HG00621	SH066	HG00619	HG00620	CHS	1	EAS
HG00622	SH067	0	0	CHS	1	EAS
HG00623	SH067	0	0	CHS	2	EAS
HG00625	SH068	0	0	CHS	1	EAS
HG00626	SH068	0	0	CHS	2	EAS
HG00627	SH068	HG00625	HG00626	CHS	1	EAS
HG00628	SH069	0	0	CHS	1	EAS
HG00629	SH069	0	0	CHS	2	EAS
HG00630	SH069	HG00628	HG00629	CHS	1	EAS
HG00631	SH070	0	0	CHS	1	EAS
HG00632	SH070	0	0	CHS	2	EAS
HG00634	SH071	0	0	CHS	1	EAS
HG00635	SH071	0	0	CHS	2	EAS
HG00636	SH071	HG00634	HG00635	CHS	1	EAS
HG00637	PR03	0	0	PUR	1	AMR
HG00638	PR03	0	0	PUR	2	AMR
HG00639	PR03	HG00637	HG00638	PUR	2	AMR
HG00640	PR04	0	0	PUR	1	AMR
HG00641	PR04	0	0	PUR	2	AMR
HG00642	PR04	HG00640	HG00641	PUR	1	AMR
HG00650	SH072	0	0	CHS	1	EAS
HG00651	SH072	0	0	CHS	2	EAS
HG00652	SH072	HG00650	HG00651	CHS	2	EAS
HG00653	SH073	0	0	CHS	1	EAS
HG00654	SH073	0	0	CHS	2	EAS
HG00655	SH073	HG00653	HG00654	CHS	2	EAS
HG00656	SH074	0	0	CHS	1	EAS
HG00657	SH074	0	0	CHS	2	EAS
HG00658	SH074	HG00656	HG00657	CHS	1	EAS
HG00662	SH076	0	0	CHS	1	EAS
HG00663	SH076	0	0	CHS	2	EAS
HG00664	SH076	HG00662	HG00663	CHS	1	EAS
HG00671	SH079	0	0	CHS	1	EAS
HG00672	SH079	0	0	CHS	2	EAS
HG00673	SH079	HG00671	HG00672	CHS	1	EAS
HG00674	SH080	0	0	CHS	1	EAS
HG00675	SH080	0	0	CHS	2	EAS
HG00683	SH083	0	0	CHS	1	EAS
HG00684	SH083	0	0	CHS	2	EAS
HG00685	SH083	HG00683	HG00684	CHS	1	EAS
HG00689	SH085	0	0	CHS	1	EAS
HG00690	SH085	0	0	CHS	2	EAS
HG00691	SH085	HG00689	HG00690	CHS	1	EAS
HG00692	SH086	0	0	CHS	1	EAS
HG00693	SH086	0	0	CHS	2	EAS
HG00694	SH086	HG00692	HG00693	CHS	1	EAS
HG00698	SH088	0	0	CHS	1	EAS
HG00699	SH088	0	0	CHS	2	EAS
HG00700	SH088	HG00698	HG00699	CHS	2	EAS
HG00701	SH089	0	0	CHS	1	EAS
HG00702	SH089	HG00656	HG00657	CHS	2	EAS
HG00703	SH089	HG00701	HG00702	CHS	1	EAS
HG00704	SH090	0	0	CHS	1	EAS
HG00705	SH090	0	0	CHS	2	EAS
HG00706	SH090	HG00704	HG00705	CHS	1	EAS
HG00707	SH091	0	0	CHS	1	EAS
HG00708	SH091	0	0	CHS	2	EAS
HG00709	SH091	HG00707	HG00708	CHS	1	EAS
HG00717	SH094	0	0	CHS	2	EAS
HG00728	SH098	0	0	CHS	1	EAS
HG00729	SH098	0	0	CHS	2	EAS
HG00731	PR05	0	0	PUR	1	AMR
HG00732	PR05	0	0	PUR	2	AMR
HG00733	PR05	HG00731	HG00732	PUR	2	AMR
HG00734	PR06	0	0	PUR	2	AMR
HG00735	PR06	HG01047	HG00734	PUR	2	AMR
HG00736	PR07	0	0	PUR	1	AMR
HG00737	PR07	0	0	PUR	2	AMR
HG00738	PR07	HG00736	HG00737	PUR	1	AMR
HG00739	PR09	0	0	PUR	1	AMR
HG00740	PR09	0	0	PUR	2	AMR
HG00741	PR09	HG00739	HG00740	PUR	2	AMR
HG00742	PR10	0	0	PUR	1	AMR
HG00743	PR10	0	0	PUR	2	AMR
HG00759	HG00759	0	0	CDX	2	EAS
HG00766	HG00766	0	0	CDX	2	EAS
HG00844	HG00844	0	0	CDX	1	EAS
HG00851	HG00851	0	0	CDX	2	EAS
HG00864	HG00864	0	0	CDX	2	EAS
HG00867	CDX1	HG00866	0	CDX	2	EAS
HG00879	HG00879	0	0	CDX	2	EAS
HG00881	HG00881	0	0	CDX	1	EAS
HG00956	HG00956	0	0	CDX	2	EAS
HG00978	HG00978	0	0	CDX	2	EAS
HG00982	HG00982	0	0	CDX	1	EAS
HG01028	HG01028	0	0	CDX	1	EAS
HG01029	HG01029	0	0	CDX	2	EAS
HG01031	HG01031	0	0	CDX	1	EAS
HG01046	HG01046	0	0	CDX	2	EAS
HG01047	PR06	0	0	PUR	1	AMR
HG01048	PR08	0	0	PUR	1	AMR
HG01049	PR08	0	0	PUR	2	AMR
HG01050	PR08	HG01048	HG01049	PUR	2	AMR
HG01051	PR11	0	0	PUR	1	AMR
HG01052	PR11	0	0	PUR	2	AMR
HG01053	PR11	HG01051	HG01052	PUR	2	AMR
HG01054	PR12	0	0	PUR	1	AMR
HG01055	PR12	0	0	PUR	2	AMR
HG01056	PR12	HG01054	HG01055	PUR	1	AMR
HG01058	PR13	0	0	PUR	2	AMR
HG01060	PR14	0	0	PUR	1	AMR
HG01061	PR14	0	0	PUR	2	AMR
HG01062	PR14	HG01060	HG01061	PUR	2	AMR
HG01063	PR15	0	0	PUR	1	AMR
HG01064	PR15	0	0	PUR	2	AMR
HG01066	PR16	0	0	PUR	1	AMR
HG01067	PR16	0	0	PUR	2	AMR
HG01068	PR16	HG01066	HG01067	PUR	2	AMR
HG01069	PR17	0	0	PUR	1	AMR
HG01070	PR17	0	0	PUR	2	AMR
HG01071	PR17	HG01069	HG01070	PUR	2	AMR
HG01072	PR18	0	0	PUR	1	AMR
HG01073	PR18	0	0	PUR	2	AMR
HG01074	PR18	HG01072	HG01073	PUR	1	AMR
HG01075	PR01	0	0	PUR	1	AMR
HG01077	PR20	0	0	PUR	2	AMR
HG01079	PR21	0	0	PUR	1	AMR
HG01080	PR21	0	0	PUR	2	AMR
HG01081	PR21	HG01079	HG01080	PUR	2	AMR
HG01082	PR28	0	0	PUR	1	AMR
HG01083	PR28	0	0	PUR	2	AMR
HG01084	PR28	HG01082	HG01083	PUR	2	AMR
HG01085	PR26	0	0	PUR	1	AMR
HG01086	PR26	0	0	PUR	2	AMR
HG01087	PR26	HG01085	HG01086	PUR	2	AMR
HG01088	PR27	0	0	PUR	1	AMR
HG01089	PR27	0	0	PUR	2	AMR
HG01092	PR30	0	0	PUR	2	AMR
HG01094	PR29	0	0	PUR	1	AMR
HG01095	PR29	0	0	PUR	2	AMR
HG01096	PR29	HG01094	HG01095	PUR	1	AMR
HG01097	PR31	0	0	PUR	1	AMR
HG01098	PR31	0	0	PUR	2	AMR
HG01099	PR31	HG01097	HG01098	PUR	1	AMR
HG01100	PR32	HG01247	HG01248	PUR	2	AMR
HG01101	PR19	0	0	PUR	1	AMR
HG01102	PR19	0	0	PUR	2	AMR
HG01103	PR19	HG01101	HG01102	PUR	2	AMR
HG01104	PR25	0	0	PUR	1	AMR
HG01105	PR25	0	0	PUR	2	AMR
HG01106	PR25	HG01104	HG01105	PUR	1	AMR
HG01107	PR33	0	0	PUR	1	AMR
HG01108	PR33	0	0	PUR	2	AMR
HG01109	PR33	HG01107	HG01108	PUR	1	AMR
HG01110	PR34	0	0	PUR	1	AMR
HG01111	PR34	0	0	PUR	2	AMR
HG01112	CLM03	0	0	CLM	1	AMR
HG01113	CLM03	0	0	CLM	2	AMR
HG01114	CLM03	HG01112	HG01113	CLM	2	AMR
HG01119	CLM01	0	0	CLM	2	AMR
HG01121	CLM02	0	0	CLM	1	AMR
HG01122	CLM02	0	0	CLM	2	AMR
HG01124	CLM04	0	0	CLM	1	AMR
HG01125	CLM04	0	0	CLM	2	AMR
HG01126	CLM04	HG01124	HG01125	CLM	1	AMR
HG01130	CLM06	0	0	CLM	1	AMR
HG01131	CLM06	0	0	CLM	2	AMR
HG01133	CLM07	0	0	CLM	1	AMR
HG01134	CLM07	0	0	CLM	2	AMR
HG01135	CLM07	HG01133	HG01134	CLM	1	AMR
HG01136	CLM08	0	0	CLM	1	AMR
HG01137	CLM08	0	0	CLM	2	AMR
HG01138	CLM08	HG01136	HG01137	CLM	1	AMR
HG01139	CLM09	0	0	CLM	1	AMR
HG01140	CLM09	0	0	CLM	2	AMR
HG01141	CLM09	HG01139	HG01140	CLM	2	AMR
HG01142	CLM10	0	0	CLM	1	AMR
HG01148	CLM12	0	0	CLM	1	AMR
HG01149	CLM12	0	0	CLM	2	AMR
HG01150	CLM12	HG01148	HG01149	CLM	2	AMR
HG01161	PR35	0	0	PUR	1	AMR
HG01162	PR35	0	0	PUR	2	AMR
HG01164	PR37	0	0	PUR	1	AMR
HG01167	PR39	0	0	PUR	1	AMR
HG01168	PR39	0	0	PUR	2	AMR
HG01169	PR39	HG01167	HG01168	PUR	2	AMR
HG01170	PR24	0	0	PUR	1	AMR
HG01171	PR24	0	0	PUR	2	AMR
HG01172	PR24	HG01170	HG01171	PUR	1	AMR
HG01173	PR36	0	0	PUR	1	AMR
HG01174	PR36	0	0	PUR	2	AMR
HG01175	PR36	HG01173	HG01174	PUR	2	AMR
HG01176	PR42	0	0	PUR	1	AMR
HG01177	PR42	0	0	PUR	2	AMR
HG01178	PR42	HG01176	HG01177	PUR	1	AMR
HG01182	PR44	0	0	PUR	1	AMR
HG01183	PR44	0	0	PUR	2	AMR
HG01184	PR44	HG01182	HG01183	PUR	2	AMR
HG01187	PR38	0	0	PUR	1	AMR
HG01188	PR38	0	0	PUR	2	AMR
HG01189	PR38	HG01187	HG01188	PUR	1	AMR
HG01190	PR40	0	0	PUR	1	AMR
HG01191	PR40	0	0	PUR	2	AMR
HG01192	PR40	HG01190	HG01191	PUR	1	AMR
HG01197	PR46	0	0	PUR	1	AMR
HG01198	PR46	0	0	PUR	2	AMR
HG01199	PR46	HG01197	HG01198	PUR	1	AMR
HG01200	PR47	0	0	PUR	1	AMR
HG01204	PR49	0	0	PUR	1	AMR
HG01205	PR49	0	0	PUR	2	AMR
HG01206	PR49	HG01204	HG01205	PUR	1	AMR
HG01241	PR22	0	0	PUR	1	AMR
HG01242	PR22	0	0	PUR	2	AMR
HG01243	PR22	HG01241	HG01242	PUR	1	AMR
HG01247	PR32	0	0	PUR	1	AMR
HG01248	PR32	0	0	PUR	2	AMR
HG01249	PR34	HG01110	HG01111	PUR	2	AMR
HG01250	CLM14	0	0	CLM	1	AMR
HG01251	CLM14	0	0	CLM	2	AMR
HG01252	CLM14	HG01250	HG01251	CLM	1	AMR
HG01253	CLM15	0	0	CLM	1	AMR
HG01254	CLM15	0	0	CLM	2	AMR
HG01255	CLM15	HG01253	HG01254	CLM	1	AMR
HG01256	CLM16	0	0	CLM	1	AMR
HG01257	CLM16	0	0	CLM	2	AMR
HG01258	CLM16	HG01256	HG01257	CLM	1	AMR
HG01259	CLM17	0	0	CLM	1	AMR
HG01260	CLM17	0	0	CLM	2	AMR
HG01261	CLM17	HG01259	HG01260	CLM	1	AMR
HG01269	CLM20	0	0	CLM	2	AMR
HG01271	CLM21	0	0	CLM	1	AMR
HG01272	CLM21	0	0	CLM	2	AMR
HG01273	CLM21	HG01271	HG01272	CLM	1	AMR
HG01274	CLM22	0	0	CLM	1	AMR
HG01275	CLM22	0	0	CLM	2	AMR
HG01276	CLM22	HG01274	HG01275	CLM	2	AMR
HG01277	CLM23	0	0	CLM	1	AMR
HG01278	CLM23	0	0	CLM	2	AMR
HG01279	CLM23	HG01277	HG01278	CLM	2	AMR
HG01280	CLM24	0	0	CLM	1	AMR
HG01281	CLM24	0	0	CLM	2	AMR
HG01284	CLM25	0	0	CLM	2	AMR
HG01286	PR58	0	0	PUR	1	AMR
HG01302	PR59	0	0	PUR	1	AMR
HG01303	PR59	0	0	PUR	2	AMR
HG01305	PR61	0	0	PUR	1	AMR
HG01308	PR62	0	0	PUR	1	AMR
HG01311	PR63	0	0	PUR	1	AMR
HG01312	PR63	0	0	PUR	2	AMR
HG01323	PR67	0	0	PUR	2	AMR
HG01325	PR68	0	0	PUR	1	AMR
HG01326	PR68	0	0	PUR	2	AMR
HG01334	HG01334	0	0	GBR	1	EUR
HG01341	CLM26	0	0	CLM	1	AMR
HG01342	CLM26	0	0	CLM	2	AMR
HG01343	CLM26	HG01341	HG01342	CLM	2	AMR
HG01344	CLM27	0	0	CLM	1	AMR
HG01345	CLM27	0	0	CLM	2	AMR
HG01346	CLM27	HG01344	HG01345	CLM	2	AMR
HG01347	CLM28	0	0	CLM	1	AMR
HG01348	CLM28	0	0	CLM	2	AMR
HG01349	CLM28	HG01347	HG01348	CLM	2	AMR
HG01350	CLM29	0	0	CLM	1	AMR
HG01351	CLM29	0	0	CLM	2	AMR
HG01352	CLM29	HG01350	HG01351	CLM	2	AMR
HG01353	CLM30	0	0	CLM	1	AMR
HG01354	CLM30	0	0	CLM	2	AMR
HG01355	CLM30	HG01353	HG01354	CLM	2	AMR
HG01356	CLM31	0	0	CLM	1	AMR
HG01357	CLM31	0	0	CLM	2	AMR
HG01358	CLM31	HG01356	HG01357	CLM	1	AMR
HG01359	CLM32	0	0	CLM	1	AMR
HG01360	CLM32	0	0	CLM	2	AMR
HG01361	CLM32	HG01359	HG01360	CLM	2	AMR
HG01362	CLM33	0	0	CLM	1	AMR
HG01363	CLM33	0	0	CLM	2	AMR
HG01365	CLM34	0	0	CLM	1	AMR
HG01366	CLM34	0	0	CLM	2	AMR
HG01367	CLM34	HG01365	HG01366	CLM	2	AMR
HG01369	CLM35	0	0	CLM	2	AMR
HG01372	CLM36	0	0	CLM	2	AMR
HG01374	CLM37	0	0	CLM	1	AMR
HG01375	CLM37	0	0	CLM	2	AMR
HG01376	CLM37	HG01374	HG01375	CLM	2	AMR
HG01377	CLM38	0	0	CLM	1	AMR
HG01378	CLM38	0	0	CLM	2	AMR
HG01379	CLM38	HG01377	HG01378	CLM	2	AMR
HG01383	CLM40	0	0	CLM	1	AMR
HG01384	CLM40	0	0	CLM	2	AMR
HG01385	CLM40	HG01383	HG01384	CLM	2	AMR
HG01389	CLM42	0	0	CLM	1	AMR
HG01390	CLM42	0	0	CLM	2	AMR
HG01391	CLM42	HG01389	HG01390	CLM	2	AMR
HG01392	PR70	0	0	PUR	1	AMR
HG01393	PR70	0	0	PUR	2	AMR
HG01395	PR71	0	0	PUR	1	AMR
HG01396	PR71	0	0	PUR	2	AMR
HG01398	PR72	0	0	PUR	1	AMR
HG01402	PR74	0	0	PUR	1	AMR
HG01403	PR74	0	0	PUR	2	AMR
HG01405	PR75	0	0	PUR	1	AMR
HG01412	PR76	0	0	PUR	1	AMR
HG01413	PR78	0	0	PUR	1	AMR
HG01414	PR78	0	0	PUR	2	AMR
HG01431	CLM43	0	0	CLM	1	AMR
HG01432	CLM43	0	0	CLM	2	AMR
HG01433	CLM43	HG01431	HG01432	CLM	1	AMR
HG01435	CLM44	0	0	CLM	2	AMR
HG01437	CLM45	0	0	CLM	1	AMR
HG01438	CLM45	0	0	CLM	2	AMR
HG01439	CLM45	HG01437	HG01438	CLM	2	AMR
HG01440	CLM46a	0	0	CLM	1	AMR
HG01441	CLM46	0	0	CLM	2	AMR
HG01443	CLM47	0	0	CLM	1	AMR
HG01444	CLM47	0	0	CLM	2	AMR
HG01447	CLM48	0	0	CLM	2	AMR
HG01455	CLM51	0	0	CLM	1	AMR
HG01456	CLM51	0	0	CLM	2	AMR
HG01457	CLM51	HG01455	HG01456	CLM	1	AMR
HG01459	CLM52	0	0	CLM	2	AMR
HG01461	CLM53	0	0	CLM	1	AMR
HG01462	CLM53	0	0	CLM	2	AMR
HG01463	CLM53	HG01461	HG01462	CLM	2	AMR
HG01464	CLM54	0	0	CLM	1	AMR
HG01465	CLM54	0	0	CLM	2	AMR
HG01466	CLM54	HG01464	HG01465	CLM	2	AMR
HG01468	CLM55	0	0	CLM	2	AMR
HG01474	CLM57	0	0	CLM	2	AMR
HG01479	CLM59	0	0	CLM	1	AMR
HG01485	CLM61	0	0	CLM	1	AMR
HG01486	CLM61	0	0	CLM	2	AMR
HG01488	CLM62	0	0	CLM	1	AMR
HG01489	CLM62	0	0	CLM	2	AMR
HG01490	CLM62	HG01488	HG01489	CLM	2	AMR
HG01491	CLM63	0	0	CLM	1	AMR
HG01492	CLM63	0	0	CLM	2	AMR
HG01493	CLM63	HG01491	HG01492	CLM	2	AMR
HG01494	CLM64	0	0	CLM	1	AMR
HG01495	CLM64	0	0	CLM	2	AMR
HG01496	CLM64	HG01494	HG01495	CLM	2	AMR
HG01497	CLM65	0	0	CLM	1	AMR
HG01498	CLM65	0	0	CLM	2	AMR
HG01499	CLM65	HG01497	HG01498	CLM	1	AMR
HG01500	IBS001	0	0	IBS	1	EUR
HG01501	IBS001	0	0	IBS	2	EUR
HG01502	IBS001	HG01500	HG01501	IBS	1	EUR
HG01503	IBS002	0	0	IBS	1	EUR
HG01504	IBS002	0	0	IBS	2	EUR
HG01505	IBS002	HG01503	HG01504	IBS	1	EUR
HG01506	IBS003	0	0	IBS	1	EUR
HG01507	IBS003	0	0	IBS	2	EUR
HG01508	IBS003	HG01506	HG01507	IBS	1	EUR
HG01509	IBS004	0	0	IBS	1	EUR
HG01510	IBS004	0	0	IBS	2	EUR
HG01511	IBS004	HG01509	HG01510	IBS	2	EUR
HG01512	IBS005	0	0	IBS	1	EUR
HG01513	IBS005	0	0	IBS	2	EUR
HG01514	IBS005	HG01512	HG01513	IBS	2	EUR
HG01515	IBS006	0	0	IBS	1	EUR
HG01516	IBS006	0	0	IBS	2	EUR
HG01517	IBS006	HG01515	HG01516	IBS	2	EUR
HG01518	IBS007	0	0	IBS	1	EUR
HG01519	IBS007	0	0	IBS	2	EUR
HG01520	IBS007	HG01518	HG01519	IBS	2	EUR
HG01521	IBS008	0	0	IBS	1	EUR
HG01522	IBS008	0	0	IBS	2	EUR
HG01523	IBS008	HG01521	HG01522	IBS	1	EUR
HG01524	IBS009	0	0	IBS	1	EUR
HG01525	IBS009	0	0	IBS	2	EUR
HG01526	IBS009	HG01524	HG01525	IBS	1	EUR
HG01527	IBS010	0	0	IBS	1	EUR
HG01528	IBS010	0	0	IBS	2	EUR
HG01529	IBS010	HG01527	HG01528	IBS	1	EUR
HG01530	IBS011	0	0	IBS	1	EUR
HG01531	IBS011	0	0	IBS	2	EUR
HG01532	IBS011	HG01530	HG01531	IBS	1	EUR
HG01536	IBS013	0	0	IBS	1	EUR
HG01537	IBS013	0	0	IBS	2	EUR
HG01538	IBS013	HG01536	HG01537	IBS	2	EUR
HG01550	CLM66	0	0	CLM	1	AMR
HG01551	CLM66	0	0	CLM	2	AMR
HG01552	CLM66	HG01550	HG01551	CLM	1	AMR
HG01556	CLM68	0	0	CLM	1	AMR
HG01565	PEL001	0	0	PEL	1	AMR
HG01566	PEL001	0	0	PEL	2	AMR
HG01567	PEL001	HG01565	HG01566	PEL	2	AMR
HG01571	PEL003	0	0	PEL	1	AMR
HG01572	PEL003	0	0	PEL	2	AMR
HG01573	PEL003	HG01571	HG01572	PEL	2	AMR
HG01577	PEL005	0	0	PEL	1	AMR
HG01578	PEL005	0	0	PEL	2	AMR
HG01579	PEL005	HG01577	HG01578	PEL	1	AMR
HG01583	PK02	0	0	PJL	1	SAS
HG01586	PK03	0	0	PJL	1	SAS
HG01589	PK04	0	0	PJL	1	SAS
HG01593	PK05	0	0	PJL	2	SAS
HG01595	VN001	0	0	KHV	2	EAS
HG01596	VN002	0	0	KHV	1	EAS
HG01597	VN003	0	0	KHV	2	EAS
HG01598	VN004	0	0	KHV	2	EAS
HG01599	VN005	0	0	KHV	2	EAS
HG01600	VN006	0	0	KHV	2	EAS
HG01601	IBS024	HG01603	HG01602	IBS	1	EUR
HG01602	IBS024	0	0	IBS	2	EUR
HG01603	IBS024	0	0	IBS	1	EUR
HG01604	IBS023	HG01606	HG01605	IBS	2	EUR
HG01605	IBS023	0	0	IBS	2	EUR
HG01606	IBS023	0	0	IBS	1	EUR
HG01607	IBS022	0	0	IBS	2	EUR
HG01608	IBS022	0	0	IBS	1	EUR
HG01609	IBS022	HG01608	HG01607	IBS	1	EUR
HG01610	IBS021	0	0	IBS	1	EUR
HG01611	IBS021	HG01610	HG01612	IBS	1	EUR
HG01612	IBS021	0	0	IBS	2	EUR
HG01613	IBS020	0	0	IBS	2	EUR
HG01614	IBS020	HG01615	HG01613	IBS	2	EUR
HG01615	IBS020	0	0	IBS	1	EUR
HG01616	IBS019	HG01617	HG01618	IBS	2	EUR
HG01617	IBS019	0	0	IBS	1	EUR
HG01618	IBS019	0	0	IBS	2	EUR
HG01619	IBS018	0	0	IBS	1	EUR
HG01620	IBS018	0	0	IBS	2	EUR
HG01621	IBS018	HG01619	HG01620	IBS	1	EUR
HG01622	IBS017	HG01624	HG01623	IBS	2	EUR
HG01623	IBS017	0	0	IBS	2	EUR
HG01624	IBS017	0	0	IBS	1	EUR
HG01625	IBS016	0	0	IBS	1	EUR
HG01626	IBS016	0	0	IBS	2	EUR
HG01627	IBS016	HG01625	HG01626	IBS	1	EUR
HG01628	IBS015	0	0	IBS	2	EUR
HG01629	IBS015	HG01630	HG01628	IBS	1	EUR
HG01630	IBS015	0	0	IBS	1	EUR
HG01631	IBS014	0	0	IBS	1	EUR
HG01632	IBS014	0	0	IBS	2	EUR
HG01633	IBS014	HG01631	HG01632	IBS	1	EUR
HG01667	IBS025	HG01669	HG01668	IBS	1	EUR
HG01668	IBS025	0	0	IBS	2	EUR
HG01669	IBS025	0	0	IBS	1	EUR
HG01670	IBS026	0	0	IBS	2	EUR
HG01671	IBS026	HG01672	HG01670	IBS	1	EUR
HG01672	IBS026	0	0	IBS	1	EUR
HG01673	IBS027	0	0	IBS	2	EUR
HG01674	IBS027	HG01675	HG01673	IBS	1	EUR
HG01675	IBS027	0	0	IBS	1	EUR
HG01676	IBS028	0	0	IBS	2	EUR
HG01677	IBS028	HG01678	HG01676	IBS	2	EUR
HG01678	IBS028	0	0	IBS	1	EUR
HG01679	IBS029	0	0	IBS	2	EUR
HG01680	IBS029	0	0	IBS	1	EUR
HG01681	IBS029	HG01680	HG01679	IBS	2	EUR
HG01682	IBS030	0	0	IBS	1	EUR
HG01683	IBS030	HG01682	HG01684	IBS	1	EUR
HG01684	IBS030	0	0	IBS	2	EUR
HG01685	IBS031	0	0	IBS	2	EUR
HG01686	IBS031	0	0	IBS	1	EUR
HG01687	IBS031	HG01686	HG01685	IBS	2	EUR
HG01694	IBS034	0	0	IBS	1	EUR
HG01695	IBS034	0	0	IBS	2	EUR
HG01696	IBS034	HG01694	HG01695	IBS	1	EUR
HG01697	IBS035	0	0	IBS	2	EUR
HG01698	IBS035	HG01699	HG01697	IBS	1	EUR
HG01699	IBS035	0	0	IBS	1	EUR
HG01700	IBS036	0	0	IBS	1	EUR
HG01701	IBS036	HG01700	HG01702	IBS	1	EUR
HG01702	IBS036	0	0	IBS	2	EUR
HG01703	IBS037	HG01705	HG01704	IBS	1	EUR
HG01704	IBS037	0	0	IBS	2	EUR
HG01705	IBS037	0	0	IBS	1	EUR
HG01706	IBS038	HG01708	HG01707	IBS	2	EUR
HG01707	IBS038	0	0	IBS	2	EUR
HG01708	IBS038	0	0	IBS	1	EUR
HG01709	IBS039	0	0	IBS	1	EUR
HG01710	IBS039	0	0	IBS	2	EUR
HG01711	IBS039	HG01709	HG01710	IBS	2	EUR
HG01746	IBS041	0	0	IBS	2	EUR
HG01747	IBS041	0	0	IBS	1	EUR
HG01748	IBS041	HG01747	HG01746	IBS	1	EUR
HG01755	IBS044	HG01756	HG01757	IBS	2	EUR
HG01756	IBS044	0	0	IBS	1	EUR
HG01757	IBS044	0	0	IBS	2	EUR
HG01761	IBS046	0	0	IBS	1	EUR
HG01762	IBS046	0	0	IBS	2	EUR
HG01763	IBS046	HG01761	HG01762	IBS	2	EUR
HG01765	IBS047	0	0	IBS	1	EUR
HG01766	IBS047	0	0	IBS	2	EUR
HG01767	IBS048	0	0	IBS	1	EUR
HG01768	IBS048	0	0	IBS	2	EUR
HG01770	IBS049	0	0	IBS	2	EUR
HG01771	IBS049	0	0	IBS	1	EUR
HG01772	IBS049	HG01771	HG01770	IBS	2	EUR
HG01773	IBS050	0	0	IBS	2	EUR
HG01774	IBS050	HG01775	HG01773	IBS	1	EUR
HG01775	IBS050	0	0	IBS	1	EUR
HG01776	IBS051	0	0	IBS	2	EUR
HG01777	IBS051	0	0	IBS	1	EUR
HG01778	IBS051	HG01777	HG01776	IBS	1	EUR
HG01779	IBS052	0	0	IBS	2	EUR
HG01780	IBS052	HG01781	HG01779	IBS	1	EUR
HG01781	IBS052	0	0	IBS	1	EUR
HG01782	IBS053	HG01783	HG01784	IBS	2	EUR
HG01783	IBS053	0	0	IBS	1	EUR
HG01784	IBS053	0	0	IBS	2	EUR
HG01785	IBS054	0	0	IBS	1	EUR
HG01786	IBS054	0	0	IBS	2	EUR
HG01789	HG01789	0	0	GBR	1	EUR
HG01790	HG01790	0	0	GBR	2	EUR
HG01791	HG01791	0	0	GBR	1	EUR
HG01794	HG01794	0	0	CDX	2	EAS
HG01795	HG01795	0	0	CDX	2	EAS
HG01796	HG01796	0	0	CDX	2	EAS
HG01797	HG01797	0	0	CDX	2	EAS
HG01798	HG01798	0	0	CDX	2	EAS
HG01799	HG01799	0	0	CDX	2	EAS
HG01800	HG01800	0	0	CDX	2	EAS
HG01801	HG01801	0	0	CDX	2	EAS
HG01802	HG01802	0	0	CDX	2	EAS
HG01804	HG01804	0	0	CDX	2	EAS
HG01805	HG01805	0	0	CDX	2	EAS
HG01806	HG01806	0	0	CDX	2	EAS
HG01807	HG01807	0	0	CDX	2	EAS
HG01808	HG01808	0	0	CDX	2	EAS
HG01809	HG01809	0	0	CDX	2	EAS
HG01810	HG01810	0	0	CDX	1	EAS
HG01811	HG01811	0	0	CDX	1	EAS
HG01812	HG01812	0	0	CDX	2	EAS
HG01813	HG01813	0	0	CDX	2	EAS
HG01815	HG01815	0	0	CDX	2	EAS
HG01816	HG01816	0	0	CDX	1	EAS
HG01817	HG01817	0	0	CDX	2	EAS
HG01840	VN007	0	0	KHV	1	EAS
HG01841	VN008	0	0	KHV	2	EAS
HG01842	VN009	0	0	KHV	1	EAS
HG01843	VN010	0	0	KHV	2	EAS
HG01844	VN011	0	0	KHV	1	EAS
HG01845	VN012	0	0	KHV	2	EAS
HG01846	VN013	0	0	KHV	1	EAS
HG01847	VN014	0	0	KHV	2	EAS
HG01848	VN015	0	0	KHV	2	EAS
HG01849	VN016	0	0	KHV	1	EAS
HG01850	VN017	0	0	KHV	2	EAS
HG01851	VN018	0	0	KHV	2	EAS
HG01852	VN019	0	0	KHV	1	EAS
HG01853	VN020	0	0	KHV	2	EAS
HG01855	VN022	0	0	KHV	2	EAS
HG01857	VN024	0	0	KHV	2	EAS
HG01858	VN025	0	0	KHV	2	EAS
HG01859	VN026	0	0	KHV	2	EAS
HG01860	VN027	0	0	KHV	1	EAS
HG01861	VN028	0	0	KHV	1	EAS
HG01862	VN029	0	0	KHV	2	EAS
HG01863	VN030	0	0	KHV	2	EAS
HG01864	VN031	0	0	KHV	1	EAS
HG01865	VN032	0	0	KHV	1	EAS
HG01866	VN033	0	0	KHV	1	EAS
HG01867	VN034	0	0	KHV	1	EAS
HG01868	VN035	0	0	KHV	2	EAS
HG01869	VN036	0	0	KHV	2	EAS
HG01870	VN037	0	0	KHV	2	EAS
HG01871	VN038	0	0	KHV	2	EAS
HG01872	VN039	0	0	KHV	1	EAS
HG01873	VN040	0	0	KHV	1	EAS
HG01874	VN041	0	0	KHV	2	EAS
HG01878	VN045	0	0	KHV	2	EAS
HG01879	BB01	0	0	ACB	1	AFR
HG01880	BB01	0	0	ACB	2	AFR
HG01881	BB01	HG01879	HG01880	ACB	2	AFR
HG01882	BB02	0	0	ACB	1	AFR
HG01883	BB02	0	0	ACB	2	AFR
HG01884	BB03	HG01885	HG01956	ACB	2	AFR
HG01885	BB03	0	0	ACB	1	AFR
HG01886	BB04	0	0	ACB	2	AFR
HG01887	BB04	HG02014	HG01886	ACB	1	AFR
HG01888	BB02	HG01882	HG01883	ACB	1	AFR
HG01889	BB05	0	0	ACB	2	AFR
HG01890	BB05	0	0	ACB	1	AFR
HG01891	BB05	HG01890	HG01889	ACB	2	AFR
HG01892	PEL007	0	0	PEL	1	AMR
HG01893	PEL007	0	0	PEL	2	AMR
HG01894	BB06	0	0	ACB	2	AFR
HG01895	BB06	HG01912	HG01894	ACB	1	AFR
HG01896	BB07	0	0	ACB	2	AFR
HG01897	BB07	HG02013	HG01896	ACB	1	AFR
HG01898	PEL007	HG01892	HG01893	PEL	2	AMR
HG01912	BB06	0	0	ACB	1	AFR
HG01914	BB09	0	0	ACB	1	AFR
HG01915	BB09	0	0	ACB	2	AFR
HG01916	BB09	HG01914	HG01915	ACB	2	AFR
HG01917	PEL006	0	0	PEL	1	AMR
HG01918	PEL006	0	0	PEL	2	AMR
HG01919	PEL006	HG01917	HG01918	PEL	2	AMR
HG01920	PEL009	0	0	PEL	1	AMR
HG01921	PEL009	0	0	PEL	2	AMR
HG01922	PEL009	HG01920	HG01921	PEL	2	AMR
HG01923	PEL010	0	0	PEL	1	AMR
HG01924	PEL010	0	0	PEL	2	AMR
HG01925	PEL010	HG01923	HG01924	PEL	2	AMR
HG01926	PEL011	0	0	PEL	1	AMR
HG01927	PEL011	0	0	PEL	2	AMR
HG01928	PEL011	HG01926	HG01927	PEL	1	AMR
HG01932	PEL013	0	0	PEL	1	AMR
HG01933	PEL013	0	0	PEL	2	AMR
HG01934	PEL013	HG01932	HG01933	PEL	1	AMR
HG01935	PEL014	0	0	PEL	1	AMR
HG01936	PEL014	0	0	PEL	2	AMR
HG01937	PEL014	HG01935	HG01936	PEL	1	AMR
HG01938	PEL015	0	0	PEL	1	AMR
HG01939	PEL015	0	0	PEL	2	AMR
HG01940	PEL015	HG01938	HG01939	PEL	2	AMR
HG01941	PEL016	0	0	PEL	1	AMR
HG01942	PEL016	0	0	PEL	2	AMR
HG01943	PEL016	HG01941	HG01942	PEL	1	AMR
HG01944	PEL017	0	0	PEL	1	AMR
HG01945	PEL017	0	0	PEL	2	AMR
HG01946	PEL017	HG01944	HG01945	PEL	1	AMR
HG01947	PEL018	0	0	PEL	1	AMR
HG01948	PEL018	0	0	PEL	2	AMR
HG01949	PEL018	HG01947	HG01948	PEL	2	AMR
HG01950	PEL019	0	0	PEL	1	AMR
HG01951	PEL019	0	0	PEL	2	AMR
HG01952	PEL019	HG01950	HG01951	PEL	1	AMR
HG01953	PEL020	0	0	PEL	1	AMR
HG01954	PEL020	0	0	PEL	2	AMR
HG01955	PEL020	HG01953	HG01954	PEL	2	AMR
HG01956	BB03	0	0	ACB	2	AFR
HG01958	BB10	0	0	ACB	2	AFR
HG01959	BB10	HG01986	HG01958	ACB	2	AFR
HG01960	BB11	HG01988	HG01989	ACB	2	AFR
HG01961	PEL21	0	0	PEL	1	AMR
HG01965	PEL22	0	0	PEL	2	AMR
HG01967	PEL023	0	0	PEL	1	AMR
HG01968	PEL023	0	0	PEL	2	AMR
HG01969	PEL023	HG01967	HG01968	PEL	2	AMR
HG01970	PEL024	0	0	PEL	1	AMR
HG01971	PEL024	0	0	PEL	2	AMR
HG01972	PEL024	HG01970	HG01971	PEL	2	AMR
HG01973	PEL25	0	0	PEL	2	AMR
HG01974	PEL25	0	0	PEL	1	AMR
HG01975	PEL25	HG01974	HG01973	PEL	2	AMR
HG01976	PEL26	0	0	PEL	2	AMR
HG01977	PEL26	0	0	PEL	1	AMR
HG01978	PEL26	HG01977	HG01976	PEL	2	AMR
HG01979	PEL27	0	0	PEL	1	AMR
HG01980	PEL27	0	0	PEL	2	AMR
HG01981	PEL27	HG01979	HG01980	PEL	2	AMR
HG01982	PEL28	0	0	PEL	1	AMR
HG01983	PEL28	0	0	PEL	2	AMR
HG01984	PEL28	HG01982	HG01983	PEL	1	AMR
HG01985	BB08	0	0	ACB	2	AFR
HG01986	BB10	0	0	ACB	1	AFR
HG01987	BB12	HG01990	HG02012	ACB	1	AFR
HG01988	BB11	0	0	ACB	1	AFR
HG01989	BB11	0	0	ACB	2	AFR
HG01990	BB12	0	0	ACB	1	AFR
HG01991	PEL29	0	0	PEL	1	AMR
HG01992	PEL29	0	0	PEL	2	AMR
HG01993	PEL29	HG01991	HG01992	PEL	2	AMR
HG01997	PEL31	0	0	PEL	2	AMR
HG01998	PEL31	HG02008	HG01997	PEL	1	AMR
HG02002	PEL33	0	0	PEL	1	AMR
HG02003	PEL33	0	0	PEL	2	AMR
HG02004	PEL33	HG02002	HG02003	PEL	2	AMR
HG02006	PEL34	0	0	PEL	2	AMR
HG02008	PEL31	0	0	PEL	1	AMR
HG02009	BB13	0	0	ACB	1	AFR
HG02010	BB13	0	0	ACB	2	AFR
HG02011	BB13	HG02009	HG02010	ACB	1	AFR
HG02012	BB12	0	0	ACB	2	AFR
HG02013	BB07	0	0	ACB	1	AFR
HG02014	BB04	0	0	ACB	1	AFR
HG02015	VN046	HG02017	HG02016	KHV	1	EAS
HG02016	VN046	0	0	KHV	2	EAS
HG02017	VN046	0	0	KHV	1	EAS
HG02018	VN047	HG02020	HG02019	KHV	2	EAS
HG02019	VN047	0	0	KHV	2	EAS
HG02020	VN047	0	0	KHV	1	EAS
HG02023	VN048	0	0	KHV	1	EAS
HG02024	VN049	HG02026	HG02025	KHV	2	EAS
HG02025	VN049	0	0	KHV	2	EAS
HG02026	VN049	0	0	KHV	1	EAS
HG02027	VN050	HG02029	HG02028	KHV	1	EAS
HG02028	VN050	0	0	KHV	2	EAS
HG02029	VN050	0	0	KHV	1	EAS
HG02030	VN051	HG02032	HG02031	KHV	1	EAS
HG02031	VN051	0	0	KHV	2	EAS
HG02032	VN051	0	0	KHV	1	EAS
HG02035	VN052	0	0	KHV	1	EAS
HG02040	VN054	0	0	KHV	1	EAS
HG02047	VN056	0	0	KHV	1	EAS
HG02048	VN057	0	0	KHV	2	EAS
HG02049	VN058	0	0	KHV	2	EAS
HG02050	VN059	0	0	KHV	1	EAS
HG02051	BB14	0	0	ACB	1	AFR
HG02052	BB14	0	0	ACB	2	AFR
HG02053	BB15	0	0	ACB	1	AFR
HG02054	BB15	0	0	ACB	2	AFR
HG02055	BB15	HG02053	HG02054	ACB	1	AFR
HG02056	VN060	HG02058	HG02057	KHV	1	EAS
HG02057	VN060	0	0	KHV	2	EAS
HG02058	VN060	0	0	KHV	1	EAS
HG02059	VN061	HG02061	HG02060	KHV	2	EAS
HG02060	VN061	0	0	KHV	2	EAS
HG02061	VN061	0	0	KHV	1	EAS
HG02064	VN062	0	0	KHV	1	EAS
HG02067	VN063	0	0	KHV	1	EAS
HG02068	VN064	HG02070	HG02069	KHV	2	EAS
HG02069	VN064	0	0	KHV	2	EAS
HG02070	VN064	0	0	KHV	1	EAS
HG02071	VN065	HG02073	HG02072	KHV	1	EAS
HG02072	VN065	0	0	KHV	2	EAS
HG02073	VN065	0	0	KHV	1	EAS
HG02074	VN066	HG02076	HG02075	KHV	1	EAS
HG02075	VN066	0	0	KHV	2	EAS
HG02076	VN066	0	0	KHV	1	EAS
HG02077	VN067	HG02079	HG02078	KHV	1	EAS
HG02078	VN067	0	0	KHV	2	EAS
HG02079	VN067	0	0	KHV	1	EAS
HG02080	VN068	HG02082	HG02081	KHV	2	EAS
HG02081	VN068	0	0	KHV	2	EAS
HG02082	VN068	0	0	KHV	1	EAS
HG02083	VN069	HG02085	HG02084	KHV	1	EAS
HG02084	VN069	0	0	KHV	2	EAS
HG02085	VN069	0	0	KHV	1	EAS
HG02086	VN070	0	0	KHV	2	EAS
HG02087	VN071	0	0	KHV	2	EAS
HG02088	VN072	0	0	KHV	1	EAS
HG02089	PEL35	0	0	PEL	2	AMR
HG02090	PEL35	0	0	PEL	1	AMR
HG02091	PEL35	HG02090	HG02089	PEL	2	AMR
HG02095	BB16	0	0	ACB	2	AFR
HG02102	PEL37	0	0	PEL	2	AMR
HG02104	PEL38	0	0	PEL	1	AMR
HG02105	PEL38	0	0	PEL	2	AMR
HG02106	PEL38	HG02104	HG02105	PEL	2	AMR
HG02107	BB18	0	0	ACB	1	AFR
HG02108	BB18	0	0	ACB	2	AFR
HG02111	BB19	0	0	ACB	2	AFR
HG02113	VN073	0	0	KHV	2	EAS
HG02116	VN074	0	0	KHV	1	EAS
HG02120	VN076	HG02122	HG02121	KHV	1	EAS
HG02121	VN076	0	0	KHV	2	EAS
HG02122	VN076	0	0	KHV	1	EAS
HG02126	VN078	HG02128	HG02127	KHV	2	EAS
HG02127	VN078	0	0	KHV	2	EAS
HG02128	VN078	0	0	KHV	1	EAS
HG02129	VN079	HG02131	HG02130	KHV	1	EAS
HG02130	VN079	0	0	KHV	2	EAS
HG02131	VN079	0	0	KHV	1	EAS
HG02132	VN080	HG02134	HG02133	KHV	1	EAS
HG02133	VN080	0	0	KHV	2	EAS
HG02134	VN080	0	0	KHV	1	EAS
HG02135	VN081	HG02137	HG02136	KHV	1	EAS
HG02136	VN081	0	0	KHV	2	EAS
HG02137	VN081	0	0	KHV	1	EAS
HG02138	VN082	0	0	KHV	1	EAS
HG02139	VN083	0	0	KHV	2	EAS
HG02140	VN084	0	0	KHV	2	EAS
HG02141	VN085	0	0	KHV	1	EAS
HG02142	VN086	0	0	KHV	2	EAS
HG02143	BB20	0	0	ACB	1	AFR
HG02144	BB20	0	0	ACB	2	AFR
HG02145	BB20	HG02143	HG02144	ACB	1	AFR
HG02146	PEL39	0	0	PEL	1	AMR
HG02147	PEL39	0	0	PEL	2	AMR
HG02148	PEL39	HG02146	HG02147	PEL	2	AMR
HG02150	PEL40	0	0	PEL	1	AMR
HG02151	HG02151	0	0	CDX	2	EAS
HG02152	HG02152	0	0	CDX	2	EAS
HG02153	HG02153	0	0	CDX	2	EAS
HG02154	HG02154	0	0	CDX	2	EAS
HG02155	HG02155	0	0	CDX	2	EAS
HG02156	HG02156	0	0	CDX	2	EAS
HG02164	HG02164	0	0	CDX	2	EAS
HG02165	HG02165	0	0	CDX	2	EAS
HG02166	HG02166	0	0	CDX	2	EAS
HG02178	HG02178	0	0	CDX	2	EAS
HG02179	HG02179	0	0	CDX	2	EAS
HG02180	HG02180	0	0	CDX	2	EAS
HG02181	HG02181	0	0	CDX	2	EAS
HG02182	HG02182	0	0	CDX	2	EAS
HG02184	HG02184	0	0	CDX	2	EAS
HG02185	HG02185	0	0	CDX	2	EAS
HG02186	HG02186	0	0	CDX	2	EAS
HG02187	HG02187	0	0	CDX	2	EAS
HG02188	HG02188	0	0	CDX	2	EAS
HG02190	HG02190	0	0	CDX	2	EAS
HG02215	HG02215	0	0	GBR	2	EUR
HG02219	IBS055	0	0	IBS	1	EUR
HG02220	IBS056	0	0	IBS	2	EUR
HG02221	IBS056	0	0	IBS	1	EUR
HG02222	IBS056	HG02221	HG02220	IBS	2	EUR
HG02223	IBS057	0	0	IBS	2	EUR
HG02224	IBS057	0	0	IBS	1	EUR
HG02225	IBS057	HG02224	HG02223	IBS	2	EUR
HG02229	IBS059	HG02231	HG02230	IBS	2	EUR
HG02230	IBS059	0	0	IBS	2	EUR
HG02231	IBS059	0	0	IBS	1	EUR
HG02232	IBS060	0	0	IBS	2	EUR
HG02233	IBS060	0	0	IBS	1	EUR
HG02234	IBS060	HG02233	HG02232	IBS	1	EUR
HG02235	IBS061	0	0	IBS	2	EUR
HG02236	IBS061	0	0	IBS	1	EUR
HG02237	IBS061	HG02236	HG02235	IBS	2	EUR
HG02238	IBS062	0	0	IBS	1	EUR
HG02239	IBS062	0	0	IBS	2	EUR
HG02240	IBS062	HG02238	HG02239	IBS	2	EUR
HG02250	HG02250	0	0	CDX	1	EAS
HG02252	PEL41	0	0	PEL	2	AMR
HG02253	PEL41	0	0	PEL	1	AMR
HG02255	BB21	0	0	ACB	1	AFR
HG02256	BB21	0	0	ACB	2	AFR
HG02257	BB21	HG02255	HG02256	ACB	2	AFR
HG02258	BB22	HG02314	HG02315	ACB	1	AFR
HG02259	PEL42	0	0	PEL	1	AMR
HG02260	PEL42	0	0	PEL	2	AMR
HG02261	PEL42	HG02259	HG02260	PEL	1	AMR
HG02262	PEL43	0	0	PEL	1	AMR
HG02265	PEL44	0	0	PEL	1	AMR
HG02266	PEL44	0	0	PEL	2	AMR
HG02271	PEL46	0	0	PEL	1	AMR
HG02272	PEL46	0	0	PEL	2	AMR
HG02273	PEL46	HG02271	HG02272	PEL	2	AMR
HG02274	PEL47	0	0	PEL	1	AMR
HG02275	PEL47	0	0	PEL	2	AMR
HG02277	PEL48	0	0	PEL	1	AMR
HG02278	PEL48	0	0	PEL	2	AMR
HG02279	PEL48	HG02277	HG02278	PEL	1	AMR
HG02280	BB23	HG02307	HG02308	ACB	2	AFR
HG02281	BB24	0	0	ACB	1	AFR
HG02282	BB24	0	0	ACB	2	AFR
HG02283	BB25	0	0	ACB	1	AFR
HG02284	BB26	0	0	ACB	1	AFR
HG02285	PEL49	0	0	PEL	1	AMR
HG02286	PEL49	0	0	PEL	2	AMR
HG02287	PEL49	HG02285	HG02286	PEL	2	AMR
HG02291	PEL51	0	0	PEL	1	AMR
HG02292	PEL51	0	0	PEL	2	AMR
HG02293	PEL51	HG02291	HG02292	PEL	2	AMR
HG02298	PEL52	0	0	PEL	2	AMR
HG02299	PEL52	0	0	PEL	1	AMR
HG02300	PEL52	HG02299	HG02298	PEL	1	AMR
HG02301	PEL53	0	0	PEL	2	AMR
HG02302	PEL53	0	0	PEL	1	AMR
HG02303	PEL53	HG02302	HG02301	PEL	2	AMR
HG02304	PEL54	0	0	PEL	1	AMR
HG02307	BB23	0	0	ACB	1	AFR
HG02308	BB23	0	0	ACB	2	AFR
HG02309	BB25	0	0	ACB	2	AFR
HG02312	PEL55	0	0	PEL	2	AMR
HG02314	BB22	0	0	ACB	1	AFR
HG02315	BB22	0	0	ACB	2	AFR
HG02316	BB27	HG02317	HG02318	ACB	1	AFR
HG02317	BB27	0	0	ACB	1	AFR
HG02318	BB27	0	0	ACB	2	AFR
HG02321	BB24	HG02281	HG02282	ACB	2	AFR
HG02322	BB28	0	0	ACB	2	AFR
HG02323	BB29	0	0	ACB	1	AFR
HG02325	BB30	0	0	ACB	2	AFR
HG02330	BB33	0	0	ACB	1	AFR
HG02332	BB16	0	0	ACB	1	AFR
HG02334	BB32	0	0	ACB	1	AFR
HG02337	BB31	0	0	ACB	2	AFR
HG02339	BB34	0	0	ACB	2	AFR
HG02343	BB35	0	0	ACB	1	AFR
HG02345	PEL56	0	0	PEL	2	AMR
HG02348	PEL57	0	0	PEL	2	AMR
HG02351	HG02351	0	0	CDX	1	EAS
HG02353	HG02353	0	0	CDX	1	EAS
HG02355	HG02355	0	0	CDX	1	EAS
HG02356	HG02356	0	0	CDX	1	EAS
HG02360	HG02360	0	0	CDX	1	EAS
HG02364	HG02364	0	0	CDX	1	EAS
HG02367	HG02367	0	0	CDX	1	EAS
HG02371	CDX2	0	0	CDX	1	EAS
HG02373	HG02373	0	0	CDX	1	EAS
HG02374	HG02374	0	0	CDX	1	EAS
HG02375	HG02375	0	0	CDX	1	EAS
HG02379	HG02379	0	0	CDX	1	EAS
HG02380	HG02380	0	0	CDX	1	EAS
HG02382	HG02382	0	0	CDX	1	EAS
HG02383	HG02383	0	0	CDX	1	EAS
HG02384	HG02384	0	0	CDX	1	EAS
HG02385	HG02385	0	0	CDX	1	EAS
HG02386	HG02386	0	0	CDX	1	EAS
HG02389	HG02389	0	0	CDX	1	EAS
HG02390	HG02390	0	0	CDX	1	EAS
HG02391	HG02391	0	0	CDX	1	EAS
HG02392	HG02392	0	0	CDX	1	EAS
HG02394	HG02394	0	0	CDX	1	EAS
HG02395	HG02395	0	0	CDX	1	EAS
HG02396	HG02396	0	0	CDX	1	EAS
HG02397	HG02397	0	0	CDX	1	EAS
HG02398	HG02398	0	0	CDX	1	EAS
HG02399	HG02399	0	0	CDX	1	EAS
HG02401	HG02401	0	0	CDX	1	EAS
HG02402	HG02402	0	0	CDX	1	EAS
HG02406	HG02406	0	0	CDX	1	EAS
HG02407	HG02407	0	0	CDX	1	EAS
HG02408	HG02408	0	0	CDX	1	EAS
HG02409	HG02409	0	0	CDX	1	EAS
HG02410	HG02410	0	0	CDX	1	EAS
HG02419	BB36	0	0	ACB	2	AFR
HG02420	BB37	0	0	ACB	1	AFR
HG02425	PEL59	0	0	PEL	2	AMR
HG02427	BB37	0	0	ACB	2	AFR
HG02429	BB39	0	0	ACB	1	AFR
HG02433	BB41	0	0	ACB	1	AFR
HG02439	BB42	0	0	ACB	1	AFR
HG02442	BB43	0	0	ACB	1	AFR
HG02445	BB44	0	0	ACB	1	AFR
HG02449	BB46	0	0	ACB	1	AFR
HG02450	BB46	0	0	ACB	2	AFR
HG02451	BB46	HG02449	HG02450	ACB	2	AFR
HG02455	BB48	0	0	ACB	1	AFR
HG02461	GB15	0	0	GWD	1	AFR
HG02462	GB15	0	0	GWD	2	AFR
HG02463	GB15	HG02461	HG02462	GWD	1	AFR
HG02464	GB16	0	0	GWD	1	AFR
HG02465	GB16	0	0	GWD	2	AFR
HG02466	GB16	HG02464	HG02465	GWD	1	AFR
HG02470	BB49	0	0	ACB	1	AFR
HG02471	BB49	0	0	ACB	2	AFR
HG02476	BB51	0	0	ACB	2	AFR
HG02477	BB52	0	0	ACB	2	AFR
HG02479	BB53	0	0	ACB	2	AFR
HG02481	BB54	0	0	ACB	1	AFR
HG02484	BB55	0	0	ACB	1	AFR
HG02485	BB55	0	0	ACB	2	AFR
HG02489	BB45	0	0	ACB	1	AFR
HG02490	PK06	0	0	PJL	1	SAS
HG02491	PK06	0	0	PJL	2	SAS
HG02492	PK06	HG02490	HG02491	PJL	1	SAS
HG02493	PK07	0	0	PJL	1	SAS
HG02494	PK07	0	0	PJL	2	SAS
HG02495	PK07	HG02493	HG02494	PJL	2	SAS
HG02496	BB57	0	0	ACB	1	AFR
HG02497	BB57	0	0	ACB	2	AFR
HG02501	BB58	0	0	ACB	1	AFR
HG02502	BB58	0	0	ACB	2	AFR
HG02505	BB59	0	0	ACB	2	AFR
HG02508	BB60	0	0	ACB	2	AFR
HG02511	BB56	0	0	ACB	2	AFR
HG02512	VN087	0	0	KHV	1	EAS
HG02513	VN087	0	0	KHV	2	EAS
HG02514	VN087	HG02512	HG02513	KHV	1	EAS
HG02521	VN090	0	0	KHV	1	EAS
HG02522	VN090	0	0	KHV	2	EAS
HG02523	VN090	HG02521	HG02522	KHV	2	EAS
HG02524	VN91	0	0	KHV	1	EAS
HG02525	VN91	0	0	KHV	2	EAS
HG02526	VN91	HG02524	HG02525	KHV	2	EAS
HG02536	BB61	0	0	ACB	1	AFR
HG02537	BB61	0	0	ACB	2	AFR
HG02541	BB63	0	0	ACB	1	AFR
HG02545	BB64	0	0	ACB	1	AFR
HG02546	BB64	0	0	ACB	2	AFR
HG02549	BB65	0	0	ACB	2	AFR
HG02554	BB67	0	0	ACB	1	AFR
HG02555	BB67	0	0	ACB	2	AFR
HG02557	BB68	0	0	ACB	1	AFR
HG02558	BB68	0	0	ACB	2	AFR
HG02561	GB18	0	0	GWD	1	AFR
HG02562	GB18	0	0	GWD	2	AFR
HG02563	GB18	HG02561	HG02562	GWD	1	AFR
HG02568	GB20	0	0	GWD	2	AFR
HG02569	GB20	HG02567	HG02568	GWD	1	AFR
HG02570	GB21	0	0	GWD	1	AFR
HG02571	GB21	0	0	GWD	2	AFR
HG02572	GB21	HG02570	HG02571	GWD	1	AFR
HG02573	GB22	0	0	GWD	1	AFR
HG02574	GB22	0	0	GWD	2	AFR
HG02575	GB22	HG02573	HG02574	GWD	1	AFR
HG02577	BB69	0	0	ACB	2	AFR
HG02580	BB70	0	0	ACB	2	AFR
HG02582	GB23	0	0	GWD	1	AFR
HG02583	GB23	0	0	GWD	2	AFR
HG02584	GB23	HG02582	HG02583	GWD	1	AFR
HG02585	GB24	0	0	GWD	1	AFR
HG02586	GB24	0	0	GWD	2	AFR
HG02587	GB24	HG02585	HG02586	GWD	2	AFR
HG02588	GB25	0	0	GWD	1	AFR
HG02589	GB25	0	0	GWD	2	AFR
HG02590	GB25	HG02588	HG02589	GWD	1	AFR
HG02594	GB27	0	0	GWD	1	AFR
HG02595	GB27	0	0	GWD	2	AFR
HG02596	GB27	HG02594	HG02595	GWD	1	AFR
HG02597	PK08	0	0	PJL	1	SAS
HG02600	PK09	0	0	PJL	1	SAS
HG02601	PK09	0	0	PJL	2	SAS
HG02602	PK09	HG02600	HG02601	PJL	1	SAS
HG02603	PK10	0	0	PJL	1	SAS
HG02604	PK10	0	0	PJL	2	SAS
HG02605	PK10	HG02603	HG02604	PJL	2	SAS
HG02610	GB28	0	0	GWD	1	AFR
HG02611	GB28	0	0	GWD	2	AFR
HG02612	GB28	HG02610	HG02611	GWD	1	AFR
HG02613	GB29	0	0	GWD	1	AFR
HG02614	GB29	0	0	GWD	2	AFR
HG02615	GB29	HG02613	HG02614	GWD	2	AFR
HG02620	GB31	0	0	GWD	1	AFR
HG02621	GB31	0	0	GWD	2	AFR
HG02622	GB31	HG02620	HG02621	GWD	2	AFR
HG02623	GB32	0	0	GWD	1	AFR
HG02624	GB32	0	0	GWD	2	AFR
HG02625	GB32	HG02623	HG02624	GWD	1	AFR
HG02628	GB33	0	0	GWD	1	AFR
HG02629	GB33	0	0	GWD	2	AFR
HG02630	GB33	HG02628	HG02629	GWD	2	AFR
HG02634	GB35	0	0	GWD	1	AFR
HG02635	GB35	0	0	GWD	2	AFR
HG02636	GB35	HG02634	HG02635	GWD	1	AFR
HG02642	GB37	0	0	GWD	1	AFR
HG02643	GB37	0	0	GWD	2	AFR
HG02644	GB37	HG02642	HG02643	GWD	1	AFR
HG02645	GB38	0	0	GWD	1	AFR
HG02646	GB38	0	0	GWD	2	AFR
HG02647	GB38	HG02645	HG02646	GWD	1	AFR
HG02648	PK11	0	0	PJL	1	SAS
HG02649	PK11	0	0	PJL	2	SAS
HG02650	PK11	HG02648	HG02649	PJL	1	SAS
HG02651	PK12	0	0	PJL	1	SAS
HG02652	PK12	0	0	PJL	2	SAS
HG02653	PK12	HG02651	HG02652	PJL	2	SAS
HG02654	PK13	0	0	PJL	1	SAS
HG02655	PK13	0	0	PJL	2	SAS
HG02656	PK13	HG02654	HG02655	PJL	1	SAS
HG02657	PK14	0	0	PJL	1	SAS
HG02658	PK14	0	0	PJL	2	SAS
HG02659	PK14	HG02657	HG02658	PJL	2	SAS
HG02660	PK15	0	0	PJL	1	SAS
HG02661	PK15	0	0	PJL	2	SAS
HG02662	PK15	HG02660	HG02661	PJL	2	SAS
HG02666	GB40	0	0	GWD	1	AFR
HG02667	GB40	0	0	GWD	2	AFR
HG02668	GB40	HG02666	HG02667	GWD	1	AFR
HG02675	GB43	0	0	GWD	1	AFR
HG02676	GB43	0	0	GWD	2	AFR
HG02677	GB43	HG02675	HG02676	GWD	2	AFR
HG02678	GB44	0	0	GWD	1	AFR
HG02679	GB44	0	0	GWD	2	AFR
HG02680	GB44	HG02678	HG02679	GWD	2	AFR
HG02681	PK16	0	0	PJL	1	SAS
HG02682	PK16	0	0	PJL	2	SAS
HG02683	PK16	HG02681	HG02682	PJL	2	SAS
HG02684	PK17	0	0	PJL	1	SAS
HG02685	PK17	0	0	PJL	2	SAS
HG02686	PK17	HG02684	HG02685	PJL	1	SAS
HG02687	PK18	0	0	PJL	1	SAS
HG02688	PK18	0	0	PJL	2	SAS
HG02689	PK18	HG02687	HG02688	PJL	1	SAS
HG02690	PK19	0	0	PJL	1	SAS
HG02691	PK19	0	0	PJL	2	SAS
HG02692	PK19	HG02690	HG02691	PJL	2	SAS
HG02694	PK20	0	0	PJL	2	SAS
HG02696	PK21	0	0	PJL	1	SAS
HG02697	PK21	0	0	PJL	2	SAS
HG02698	PK21	HG02696	HG02697	PJL	1	SAS
HG02699	PK22	0	0	PJL	1	SAS
HG02700	PK22	0	0	PJL	2	SAS
HG02701	PK22	HG02699	HG02700	PJL	1	SAS
HG02702	GB45	0	0	GWD	1	AFR
HG02703	GB45	0	0	GWD	2	AFR
HG02704	GB45	HG02702	HG02703	GWD	2	AFR
HG02715	GB50	0	0	GWD	1	AFR
HG02716	GB50	0	0	GWD	2	AFR
HG02717	GB50	HG02715	HG02716	GWD	1	AFR
HG02721	GB52	0	0	GWD	1	AFR
HG02722	GB52	0	0	GWD	2	AFR
HG02723	GB52	HG02721	HG02722	GWD	2	AFR
HG02724	PK23	0	0	PJL	1	SAS
HG02725	PK23	0	0	PJL	2	SAS
HG02726	PK23	HG02724	HG02725	PJL	2	SAS
HG02727	PK24	0	0	PJL	1	SAS
HG02728	PK24	0	0	PJL	2	SAS
HG02729	PK24	HG02727	HG02728	PJL	1	SAS
HG02731	PK25	0	0	PJL	2	SAS
HG02733	PK26	0	0	PJL	1	SAS
HG02734	PK26	0	0	PJL	2	SAS
HG02735	PK26	HG02733	HG02734	PJL	1	SAS
HG02736	PK27	0	0	PJL	1	SAS
HG02737	PK27	0	0	PJL	2	SAS
HG02738	PK27	HG02736	HG02737	PJL	1	SAS
HG02756	GB53	0	0	GWD	1	AFR
HG02757	GB53	0	0	GWD	2	AFR
HG02759	GB54	0	0	GWD	1	AFR
HG02760	GB54	0	0	GWD	2	AFR
HG02761	GB54	HG02759	HG02760	GWD	2	AFR
HG02762	GB55	0	0	GWD	1	AFR
HG02763	GB55	0	0	GWD	2	AFR
HG02764	GB55	HG02762	HG02763	GWD	1	AFR
HG02768	GB57	0	0	GWD	1	AFR
HG02769	GB57	0	0	GWD	2	AFR
HG02770	GB57	HG02768	HG02769	GWD	2	AFR
HG02771	GB58	0	0	GWD	1	AFR
HG02772	GB58	0	0	GWD	2	AFR
HG02773	GB58	HG02771	HG02772	GWD	1	AFR
HG02774	PK28	0	0	PJL	1	SAS
HG02775	PK28	0	0	PJL	2	SAS
HG02776	PK28	HG02774	HG02775	PJL	2	SAS
HG02778	PK29	0	0	PJL	2	SAS
HG02780	PK30	0	0	PJL	1	SAS
HG02783	PK31	0	0	PJL	1	SAS
HG02784	PK31	0	0	PJL	2	SAS
HG02785	PK31	HG02783	HG02784	PJL	2	SAS
HG02786	PK32	0	0	PJL	1	SAS
HG02787	PK32	0	0	PJL	2	SAS
HG02788	PK32	HG02786	HG02787	PJL	2	SAS
HG02789	PK33	0	0	PJL	1	SAS
HG02790	PK33	0	0	PJL	2	SAS
HG02791	PK33	HG02789	HG02790	PJL	1	SAS
HG02792	PK34	0	0	PJL	1	SAS
HG02793	PK34	0	0	PJL	2	SAS
HG02794	PK34	HG02792	HG02793	PJL	1	SAS
HG02798	GB60	0	0	GWD	1	AFR
HG02799	GB60	0	0	GWD	2	AFR
HG02800	GB60	HG02798	HG02799	GWD	1	AFR
HG02804	GB62	0	0	GWD	1	AFR
HG02805	GB62	0	0	GWD	2	AFR
HG02806	GB62	HG02804	HG02805	GWD	2	AFR
HG02807	GB63	0	0	GWD	1	AFR
HG02808	GB63	0	0	GWD	2	AFR
HG02809	GB63	HG02807	HG02808	GWD	2	AFR
HG02810	GB64	0	0	GWD	1	AFR
HG02811	GB64	0	0	GWD	2	AFR
HG02812	GB64	HG02810	HG02811	GWD	1	AFR
HG02813	GB65	0	0	GWD	1	AFR
HG02814	GB65	0	0	GWD	2	AFR
HG02815	GB65	HG02813	HG02814	GWD	1	AFR
HG02816	GB66	0	0	GWD	1	AFR
HG02817	GB66	0	0	GWD	2	AFR
HG02818	GB66	HG02816	HG02817	GWD	2	AFR
HG02819	GB67	0	0	GWD	1	AFR
HG02820	GB67	0	0	GWD	2	AFR
HG02821	GB67	HG02819	HG02820	GWD	1	AFR
HG02836	GB73	0	0	GWD	1	AFR
HG02837	GB73	0	0	GWD	2	AFR
HG02838	GB73	HG02836	HG02837	GWD	1	AFR
HG02839	GB74	0	0	GWD	1	AFR
HG02840	GB74	0	0	GWD	2	AFR
HG02841	GB74	HG02839	HG02840	GWD	2	AFR
HG02851	GB78	0	0	GWD	1	AFR
HG02852	GB78	0	0	GWD	2	AFR
HG02853	GB78	HG02851	HG02852	GWD	1	AFR
HG02854	GB79	0	0	GWD	1	AFR
HG02855	GB79	0	0	GWD	2	AFR
HG02856	GB79	HG02854	HG02855	GWD	1	AFR
HG02860	GB81	0	0	GWD	1	AFR
HG02861	GB81	0	0	GWD	2	AFR
HG02862	GB81	HG02860	HG02861	GWD	2	AFR
HG02869	GB84	0	0	GWD	1	AFR
HG02870	GB84	0	0	GWD	2	AFR
HG02871	GB84	HG02869	HG02870	GWD	2	AFR
HG02878	GB87	0	0	GWD	1	AFR
HG02879	GB87	0	0	GWD	2	AFR
HG02880	GB87	HG02878	HG02879	GWD	2	AFR
HG02881	GB88	0	0	GWD	1	AFR
HG02882	GB88	0	0	GWD	2	AFR
HG02883	GB88	HG02881	HG02882	GWD	1	AFR
HG02884	GB89	0	0	GWD	1	AFR
HG02885	GB89	0	0	GWD	2	AFR
HG02886	GB89	HG02884	HG02885	GWD	2	AFR
HG02887	GB90	0	0	GWD	1	AFR
HG02888	GB90	0	0	GWD	2	AFR
HG02889	GB90	HG02887	HG02888	GWD	2	AFR
HG02890	GB91	0	0	GWD	1	AFR
HG02891	GB91	0	0	GWD	2	AFR
HG02892	GB91	HG02890	HG02891	GWD	1	AFR
HG02895	GB93	0	0	GWD	1	AFR
HG02896	GB93	0	0	GWD	2	AFR
HG02897	GB93	HG02895	HG02896	GWD	2	AFR
HG02922	NG06	0	0	ESN	2	AFR
HG02923	NG06	0	0	ESN	1	AFR
HG02924	NG06	HG02923	HG02922	ESN	1	AFR
HG02938	NG11	0	0	ESN	1	AFR
HG02941	NG12	0	0	ESN	1	AFR
HG02943	NG13	0	0	ESN	2	AFR
HG02944	NG13	0	0	ESN	1	AFR
HG02945	NG13	HG02944	HG02943	ESN	2	AFR
HG02946	NG14	0	0	ESN	2	AFR
HG02947	NG14	0	0	ESN	1	AFR
HG02948	NG14	HG02947	HG02946	ESN	1	AFR
HG02952	NG16	0	0	ESN	2	AFR
HG02953	NG16	0	0	ESN	1	AFR
HG02954	NG16	HG02953	HG02952	ESN	1	AFR
HG02964	NG20	0	0	ESN	2	AFR
HG02965	NG20	0	0	ESN	1	AFR
HG02966	NG20	HG02965	HG02964	ESN	1	AFR
HG02968	NG21	0	0	ESN	1	AFR
HG02970	NG22	0	0	ESN	2	AFR
HG02971	NG22	0	0	ESN	1	AFR
HG02972	NG22	HG02971	HG02970	ESN	1	AFR
HG02973	NG23	0	0	ESN	1	AFR
HG02974	NG23	0	0	ESN	2	AFR
HG02975	NG23	HG02973	HG02974	ESN	1	AFR
HG02976	NG24	0	0	ESN	2	AFR
HG02977	NG24	0	0	ESN	1	AFR
HG02978	NG24	HG02977	HG02976	ESN	2	AFR
HG02979	NG25	0	0	ESN	2	AFR
HG02980	NG25	HG02981	HG02979	ESN	1	AFR
HG02981	NG25	0	0	ESN	1	AFR
HG02982	GB97	0	0	GWD	1	AFR
HG02983	GB97	0	0	GWD	2	AFR
HG02984	GB97	HG02982	HG02983	GWD	1	AFR
HG03006	BD01	0	0	BEB	1	SAS
HG03007	BD01	0	0	BEB	2	SAS
HG03008	BD01	HG03006	HG03007	BEB	1	SAS
HG03009	HG03009	0	0	BEB	1	SAS
HG03012	BD3	0	0	BEB	1	SAS
HG03015	PK35	0	0	PJL	1	SAS
HG03016	PK35	0	0	PJL	2	SAS
HG03017	PK35	HG03015	HG03016	PJL	1	SAS
HG03018	PK36	0	0	PJL	1	SAS
HG03019	PK36	0	0	PJL	2	SAS
HG03021	PK37	0	0	PJL	1	SAS
HG03022	HG03022	0	0	PJL	2	SAS
HG03024	GB105	0	0	GWD	1	AFR
HG03025	GB105	0	0	GWD	2	AFR
HG03026	GB105	HG03024	HG03025	GWD	2	AFR
HG03027	GB106	0	0	GWD	1	AFR
HG03028	GB106	0	0	GWD	2	AFR
HG03029	GB106	HG03027	HG03028	GWD	1	AFR
HG03033	GB108	0	0	GWD	1	AFR
HG03034	GB108	0	0	GWD	2	AFR
HG03035	GB108	HG03033	HG03034	GWD	1	AFR
HG03039	GB110	0	0	GWD	1	AFR
HG03040	GB110	0	0	GWD	2	AFR
HG03041	GB110	HG03039	HG03040	GWD	2	AFR
HG03045	GB112	0	0	GWD	1	AFR
HG03046	GB112	0	0	GWD	2	AFR
HG03047	GB112	HG03045	HG03046	GWD	2	AFR
HG03048	GB113	0	0	GWD	1	AFR
HG03049	GB113	0	0	GWD	2	AFR
HG03050	GB113	HG03048	HG03049	GWD	1	AFR
HG03052	SL01	0	0	MSL	2	AFR
HG03054	SL02	0	0	MSL	1	AFR
HG03055	SL02	0	0	MSL	2	AFR
HG03056	SL02	HG03054	HG03055	MSL	1	AFR
HG03057	HG03057	0	0	MSL	1	AFR
HG03058	SL03	0	0	MSL	2	AFR
HG03060	HG03060	0	0	MSL	1	AFR
HG03061	SL04	0	0	MSL	2	AFR
HG03063	SL05	0	0	MSL	1	AFR
HG03064	SL05	0	0	MSL	2	AFR
HG03065	SL05	HG03063	HG03064	MSL	1	AFR
HG03066	SL06	0	0	MSL	1	AFR
HG03069	SL07	0	0	MSL	1	AFR
HG03072	SL08	0	0	MSL	1	AFR
HG03073	SL08	0	0	MSL	2	AFR
HG03074	HG03074	0	0	MSL	1	AFR
HG03077	HG03077	0	0	MSL	1	AFR
HG03078	HG03078	0	0	MSL	1	AFR
HG03079	SL10	0	0	MSL	2	AFR
HG03081	SL11	0	0	MSL	1	AFR
HG03082	SL11	0	0	MSL	2	AFR
HG03084	HG03084	0	0	MSL	1	AFR
HG03085	HG03085	0	0	MSL	2	AFR
HG03086	HG03086	0	0	MSL	2	AFR
HG03088	SL13	0	0	MSL	2	AFR
HG03091	SL14	0	0	MSL	2	AFR
HG03095	SL15	0	0	MSL	2	AFR
HG03096	SL16	0	0	MSL	1	AFR
HG03097	SL16	0	0	MSL	2	AFR
HG03098	SL16	HG03096	HG03097	MSL	1	AFR
HG03099	NG26	0	0	ESN	2	AFR
HG03100	NG26	0	0	ESN	1	AFR
HG03101	NG26	HG03100	HG03099	ESN	1	AFR
HG03103	NG27	0	0	ESN	1	AFR
HG03105	NG28	0	0	ESN	2	AFR
HG03108	NG29	0	0	ESN	2	AFR
HG03109	NG29	0	0	ESN	1	AFR
HG03110	NG29	HG03109	HG03108	ESN	2	AFR
HG03111	NG30	0	0	ESN	2	AFR
HG03112	NG30	0	0	ESN	1	AFR
HG03113	NG30	HG03112	HG03111	ESN	2	AFR
HG03114	NG31	0	0	ESN	2	AFR
HG03115	NG31	0	0	ESN	1	AFR
HG03116	NG31	HG03115	HG03114	ESN	2	AFR
HG03117	NG32	0	0	ESN	2	AFR
HG03118	NG32	0	0	ESN	1	AFR
HG03119	NG32	HG03118	HG03117	ESN	2	AFR
HG03120	NG33	0	0	ESN	1	AFR
HG03121	NG33	0	0	ESN	2	AFR
HG03122	NG33	HG03120	HG03121	ESN	1	AFR
HG03123	NG34	0	0	ESN	2	AFR
HG03124	NG34	0	0	ESN	1	AFR
HG03125	NG34	HG03124	HG03123	ESN	2	AFR
HG03126	NG35	0	0	ESN	2	AFR
HG03127	NG35	0	0	ESN	1	AFR
HG03128	NG35	HG03127	HG03126	ESN	1	AFR
HG03129	NG36	0	0	ESN	2	AFR
HG03130	NG36	0	0	ESN	1	AFR
HG03131	NG36	HG03130	HG03129	ESN	1	AFR
HG03132	NG37	0	0	ESN	2	AFR
HG03133	NG37	0	0	ESN	1	AFR
HG03134	NG37	HG03133	HG03132	ESN	1	AFR
HG03135	NG38	0	0	ESN	2	AFR
HG03136	NG38	0	0	ESN	1	AFR
HG03137	NG38	HG03136	HG03135	ESN	1	AFR
HG03139	NG39	0	0	ESN	1	AFR
HG03157	NG45	0	0	ESN	1	AFR
HG03159	NG46	0	0	ESN	2	AFR
HG03160	NG46	0	0	ESN	1	AFR
HG03161	NG46	HG03160	HG03159	ESN	1	AFR
HG03162	NG47	0	0	ESN	2	AFR
HG03163	NG47	0	0	ESN	1	AFR
HG03164	NG47	HG03163	HG03162	ESN	2	AFR
HG03166	NG48	0	0	ESN	1	AFR
HG03168	NG49	0	0	ESN	2	AFR
HG03169	NG49	0	0	ESN	1	AFR
HG03170	NG49	HG03169	HG03168	ESN	1	AFR
HG03172	NG50	0	0	ESN	1	AFR
HG03175	NG51	0	0	ESN	1	AFR
HG03189	NG56	0	0	ESN	2	AFR
HG03190	NG56	0	0	ESN	1	AFR
HG03191	NG56	HG03190	HG03189	ESN	1	AFR
HG03193	NG57	0	0	ESN	1	AFR
HG03195	NG58	0	0	ESN	2	AFR
HG03196	NG58	0	0	ESN	1	AFR
HG03197	NG58	HG03196	HG03195	ESN	1	AFR
HG03198	NG59	0	0	ESN	2	AFR
HG03199	NG59	0	0	ESN	1	AFR
HG03200	NG59	HG03199	HG03198	ESN	2	AFR
HG03202	NG60	0	0	ESN	1	AFR
HG03209	SL17	0	0	MSL	1	AFR
HG03212	SL18	0	0	MSL	2	AFR
HG03224	SL22	0	0	MSL	1	AFR
HG03225	SL23	0	0	MSL	1	AFR
HG03228	PK38	0	0	PJL	1	SAS
HG03229	PK38	0	0	PJL	2	SAS
HG03230	PK38	HG03228	HG03229	PJL	2	SAS
HG03234	PK40	0	0	PJL	1	SAS
HG03235	PK40	0	0	PJL	2	SAS
HG03236	PK40	HG03234	HG03235	PJL	2	SAS
HG03237	PK41	0	0	PJL	1	SAS
HG03238	PK41	0	0	PJL	2	SAS
HG03239	PK41	HG03237	HG03238	PJL	2	SAS
HG03240	GB114	0	0	GWD	1	AFR
HG03241	GB114	0	0	GWD	2	AFR
HG03242	GB114	HG03240	HG03241	GWD	1	AFR
HG03246	GB116	0	0	GWD	1	AFR
HG03247	GB116	0	0	GWD	2	AFR
HG03248	GB116	HG03246	HG03247	GWD	1	AFR
HG03249	GB117	0	0	GWD	1	AFR
HG03250	GB117	0	0	GWD	2	AFR
HG03251	GB117	HG03249	HG03250	GWD	2	AFR
HG03258	GB120	0	0	GWD	1	AFR
HG03259	GB120	0	0	GWD	2	AFR
HG03260	GB120	HG03258	HG03259	GWD	1	AFR
HG03265	NG63	0	0	ESN	1	AFR
HG03267	NG64	0	0	ESN	2	AFR
HG03268	NG64	0	0	ESN	1	AFR
HG03269	NG64	HG03268	HG03267	ESN	1	AFR
HG03270	NG65	0	0	ESN	2	AFR
HG03271	NG65	0	0	ESN	1	AFR
HG03272	NG65	HG03271	HG03270	ESN	2	AFR
HG03279	NG68	0	0	ESN	2	AFR
HG03280	NG68	0	0	ESN	1	AFR
HG03291	NG72	0	0	ESN	2	AFR
HG03294	NG73	0	0	ESN	2	AFR
HG03295	NG73	0	0	ESN	1	AFR
HG03296	NG73	HG03295	HG03294	ESN	1	AFR
HG03297	NG74	0	0	ESN	2	AFR
HG03298	NG74	0	0	ESN	1	AFR
HG03299	NG74	HG03298	HG03297	ESN	1	AFR
HG03300	NG75	0	0	ESN	2	AFR
HG03301	NG75	0	0	ESN	1	AFR
HG03302	NG75	HG03301	HG03300	ESN	1	AFR
HG03303	NG76	0	0	ESN	2	AFR
HG03304	NG76	0	0	ESN	1	AFR
HG03305	NG76	HG03304	HG03303	ESN	2	AFR
HG03306	NG77	0	0	ESN	2	AFR
HG03307	NG77	0	0	ESN	1	AFR
HG03308	NG77	HG03307	HG03306	ESN	1	AFR
HG03309	NG78	0	0	ESN	2	AFR
HG03310	NG78	HG03311	HG03309	ESN	2	AFR
HG03311	NG78	0	0	ESN	1	AFR
HG03312	NG79	0	0	ESN	2	AFR
HG03313	NG79	0	0	ESN	1	AFR
HG03314	NG79	HG03313	HG03312	ESN	1	AFR
HG03342	NG89	0	0	ESN	2	AFR
HG03343	NG89	0	0	ESN	1	AFR
HG03344	NG89	HG03343	HG03342	ESN	1	AFR
HG03350	NG92	HG03352	HG03351	ESN	1	AFR
HG03351	NG92	0	0	ESN	2	AFR
HG03352	NG92	0	0	ESN	1	AFR
HG03354	NG93	0	0	ESN	2	AFR
HG03363	NG96	0	0	ESN	2	AFR
HG03366	NG97	0	0	ESN	2	AFR
HG03367	NG97	0	0	ESN	1	AFR
HG03368	NG97	HG03367	HG03366	ESN	1	AFR
HG03369	NG98	0	0	ESN	2	AFR
HG03370	NG98	0	0	ESN	1	AFR
HG03371	NG98	HG03370	HG03369	ESN	1	AFR
HG03372	NG99	0	0	ESN	2	AFR
HG03373	NG99	0	0	ESN	1	AFR
HG03374	NG99	HG03373	HG03372	ESN	2	AFR
HG03376	SL24	0	0	MSL	1	AFR
HG03378	HG03378	0	0	MSL	2	AFR
HG03380	SL25	0	0	MSL	2	AFR
HG03382	SL26	0	0	MSL	1	AFR
HG03385	SL27	0	0	MSL	1	AFR
HG03388	SL28	0	0	MSL	1	AFR
HG03391	SL29	0	0	MSL	1	AFR
HG03394	SL30	0	0	MSL	1	AFR
HG03397	HG03397	0	0	MSL	1	AFR
HG03401	SL32	0	0	MSL	2	AFR
HG03410	SL35	0	0	MSL	2	AFR
HG03419	SL38	0	0	MSL	2	AFR
HG03428	SL42	0	0	MSL	2	AFR
HG03432	HG03432	0	0	MSL	1	AFR
HG03433	HG03433	0	0	MSL	1	AFR
HG03436	HG03436	0	0	MSL	1	AFR
HG03437	HG03437	0	0	MSL	2	AFR
HG03438	SL56	HG03469	HG03470	MSL	2	AFR
HG03439	SL46	0	0	MSL	1	AFR
HG03442	HG03442	0	0	MSL	1	AFR
HG03445	HG03445	0	0	MSL	1	AFR
HG03446	HG03446	0	0	MSL	2	AFR
HG03449	SL49	0	0	MSL	2	AFR
HG03451	SL50	HG03466	0	MSL	1	AFR
HG03452	SL50	0	0	MSL	2	AFR
HG03453	SL50	HG03451	HG03452	MSL	2	AFR
HG03454	SL51	0	0	MSL	1	AFR
HG03455	SL51	0	0	MSL	2	AFR
HG03456	SL51	HG03454	HG03455	MSL	1	AFR
HG03457	HG03457	0	0	MSL	1	AFR
HG03458	SL52	0	0	MSL	2	AFR
HG03460	HG03460	0	0	MSL	1	AFR
HG03461	HG03461	0	0	MSL	2	AFR
HG03464	SL54	0	0	MSL	2	AFR
HG03469	SL56i	0	0	MSL	1	AFR
HG03470	SL56	0	0	MSL	2	AFR
HG03472	HG03472	0	0	MSL	1	AFR
HG03473	SL57	0	0	MSL	2	AFR
HG03476	SL58	0	0	MSL	2	AFR
HG03478	SL59	0	0	MSL	1	AFR
HG03479	SL59	0	0	MSL	2	AFR
HG03480	SL59	HG03478	HG03479	MSL	2	AFR
HG03484	SL61	0	0	MSL	1	AFR
HG03485	SL61	0	0	MSL	2	AFR
HG03486	SL61	HG03484	HG03485	MSL	2	AFR
HG03487	PK42	0	0	PJL	1	SAS
HG03488	PK42	0	0	PJL	2	SAS
HG03489	PK42	HG03487	HG03488	PJL	1	SAS
HG03490	PK43	0	0	PJL	1	SAS
HG03491	PK43	0	0	PJL	2	SAS
HG03492	PK43	HG03490	HG03491	PJL	1	SAS
HG03499	NG102	0	0	ESN	2	AFR
HG03511	NG106	0	0	ESN	2	AFR
HG03514	NG107	0	0	ESN	2	AFR
HG03515	NG107	0	0	ESN	1	AFR
HG03516	NG107	HG03515	HG03514	ESN	2	AFR
HG03517	NG108	0	0	ESN	2	AFR
HG03518	NG108	0	0	ESN	1	AFR
HG03519	NG108	HG03518	HG03517	ESN	1	AFR
HG03520	NG109	0	0	ESN	2	AFR
HG03521	NG109	0	0	ESN	1	AFR
HG03522	NG109	HG03521	HG03520	ESN	2	AFR
HG03538	GB125	0	0	GWD	1	AFR
HG03539	GB125	0	0	GWD	2	AFR
HG03540	GB125	HG03538	HG03539	GWD	2	AFR
HG03547	HG03547	0	0	MSL	1	AFR
HG03548	HG03548	0	0	MSL	2	AFR
HG03556	HG03556	0	0	MSL	1	AFR
HG03557	HG03557	0	0	MSL	2	AFR
HG03558	HG03558	0	0	MSL	2	AFR
HG03559	SL66	0	0	MSL	1	AFR
HG03563	SL67	0	0	MSL	2	AFR
HG03565	HG03565	0	0	MSL	1	AFR
HG03567	HG03567	0	0	MSL	2	AFR
HG03571	SL70	0	0	MSL	1	AFR
HG03572	SL70	0	0	MSL	2	AFR
HG03574	SL71	0	0	MSL	1	AFR
HG03575	SL71	0	0	MSL	2	AFR
HG03576	SL71	HG03574	HG03575	MSL	2	AFR
HG03577	SL72	0	0	MSL	1	AFR
HG03578	SL72	0	0	MSL	2	AFR
HG03579	SL72	HG03577	HG03578	MSL	1	AFR
HG03582	SL73	0	0	MSL	1	AFR
HG03583	SL73	0	0	MSL	2	AFR
HG03584	SL73	HG03582	HG03583	MSL	2	AFR
HG03585	BD4	0	0	BEB	1	SAS
HG03589	BD05	0	0	BEB	2	SAS
HG03593	BD6	0	0	BEB	1	SAS
HG03594	BD7	0	0	BEB	1	SAS
HG03595	BD7	0	0	BEB	2	SAS
HG03596	BD7	HG03594	HG03595	BEB	1	SAS
HG03598	BD8	0	0	BEB	2	SAS
HG03600	BD09	0	0	BEB	1	SAS
HG03603	BD10	0	0	BEB	1	SAS
HG03604	BD10	0	0	BEB	2	SAS
HG03605	BD11	HG03606	HG03607	BEB	2	SAS
HG03606	BD11	0	0	BEB	1	SAS
HG03607	BD11	0	0	BEB	2	SAS
HG03611	BD12	0	0	BEB	2	SAS
HG03615	BD14	0	0	BEB	1	SAS
HG03616	BD14	0	0	BEB	2	SAS
HG03617	BD14	HG03615	HG03616	BEB	2	SAS
HG03618	PK44	0	0	PJL	1	SAS
HG03619	PK44	0	0	PJL	2	SAS
HG03620	PK44	HG03618	HG03619	PJL	2	SAS
HG03624	PK46	0	0	PJL	1	SAS
HG03625	PK46	0	0	PJL	2	SAS
HG03626	PK46	HG03624	HG03625	PJL	2	SAS
HG03629	PK47	0	0	PJL	1	SAS
HG03631	PK48	0	0	PJL	2	SAS
HG03633	PK49	0	0	PJL	1	SAS
HG03634	PK49	0	0	PJL	2	SAS
HG03635	PK49	HG03633	HG03634	PJL	2	SAS
HG03636	PK50	0	0	PJL	1	SAS
HG03639	PK51	0	0	PJL	1	SAS
HG03640	PK51	0	0	PJL	2	SAS
HG03641	PK51	HG03639	HG03640	PJL	1	SAS
HG03642	ST006	0	0	STU	2	SAS
HG03643	ST004	0	0	STU	2	SAS
HG03644	ST004	0	0	STU	1	SAS
HG03645	ST002	0	0	STU	2	SAS
HG03646	ST001	0	0	STU	1	SAS
HG03649	PK52	0	0	PJL	1	SAS
HG03650	PK52	0	0	PJL	2	SAS
HG03651	PK52	HG03649	HG03650	PJL	1	SAS
HG03652	PK53	0	0	PJL	1	SAS
HG03653	PK53	0	0	PJL	2	SAS
HG03654	PK53	HG03652	HG03653	PJL	1	SAS
HG03660	PK55	0	0	PJL	1	SAS
HG03663	PK56	0	0	PJL	1	SAS
HG03667	PK58	0	0	PJL	1	SAS
HG03668	PK58	0	0	PJL	2	SAS
HG03669	PK58	HG03667	HG03668	PJL	2	SAS
HG03672	ST008	0	0	STU	1	SAS
HG03673	ST010	0	0	STU	2	SAS
HG03679	ST006	0	0	STU	1	SAS
HG03680	ST009	0	0	STU	1	SAS
HG03681	ST011	0	0	STU	1	SAS
HG03682	ST012	0	0	STU	1	SAS
HG03683	ST012	HG03682	HG03684	STU	2	SAS
HG03684	ST012	0	0	STU	2	SAS
HG03685	ST013	0	0	STU	1	SAS
HG03686	ST014	0	0	STU	1	SAS
HG03687	ST015	0	0	STU	1	SAS
HG03688	ST016	HG03885	HG03886	STU	1	SAS
HG03689	ST017	0	0	STU	2	SAS
HG03690	ST018	0	0	STU	2	SAS
HG03691	ST019	0	0	STU	1	SAS
HG03692	ST020	0	0	STU	2	SAS
HG03693	ST021	0	0	STU	1	SAS
HG03694	ST022	0	0	STU	1	SAS
HG03695	ST023	0	0	STU	1	SAS
HG03696	ST024	0	0	STU	1	SAS
HG03697	ST025	0	0	STU	1	SAS
HG03698	ST026	0	0	STU	2	SAS
HG03699	PK59	0	0	PJL	1	SAS
HG03700	PK59	0	0	PJL	2	SAS
HG03701	PK59	HG03699	HG03700	PJL	1	SAS
HG03702	PK60	0	0	PJL	1	SAS
HG03703	PK60	0	0	PJL	2	SAS
HG03704	PK60	HG03702	HG03703	PJL	2	SAS
HG03705	PK61	0	0	PJL	1	SAS
HG03706	PK61	0	0	PJL	2	SAS
HG03707	PK61	HG03705	HG03706	PJL	1	SAS
HG03708	PK62	0	0	PJL	1	SAS
HG03709	PK62	0	0	PJL	2	SAS
HG03710	PK62	HG03708	HG03709	PJL	1	SAS
HG03711	ST027	0	0	STU	1	SAS
HG03713	IT001	0	0	ITU	1	SAS
HG03714	IT009	0	0	ITU	2	SAS
HG03716	IT009	0	0	ITU	1	SAS
HG03717	IT010	0	0	ITU	2	SAS
HG03718	IT010	0	0	ITU	1	SAS
HG03719	IT002	HG03725	HG03722	ITU	2	SAS
HG03720	IT052	0	0	ITU	1	SAS
HG03721	IT003	0	0	ITU	2	SAS
HG03722	IT002	0	0	ITU	2	SAS
HG03725	IT002	0	0	ITU	1	SAS
HG03727	IT003	0	0	ITU	1	SAS
HG03729	IT013	0	0	ITU	1	SAS
HG03730	IT011	0	0	ITU	2	SAS
HG03731	IT013	0	0	ITU	2	SAS
HG03732	IT003	HG03727	HG03721	ITU	1	SAS
HG03733	ST041	0	0	STU	2	SAS
HG03736	ST043	0	0	STU	2	SAS
HG03738	ST044	0	0	STU	1	SAS
HG03740	ST038	0	0	STU	1	SAS
HG03741	ST038	0	0	STU	2	SAS
HG03742	IT015	0	0	ITU	1	SAS
HG03743	ST046	0	0	STU	1	SAS
HG03744	ST047	0	0	STU	1	SAS
HG03745	ST049	0	0	STU	1	SAS
HG03746	ST050	0	0	STU	1	SAS
HG03750	ST051	0	0	STU	1	SAS
HG03752	ST053	0	0	STU	2	SAS
HG03753	ST054	0	0	STU	1	SAS
HG03754	ST051	0	0	STU	2	SAS
HG03755	ST052	0	0	STU	1	SAS
HG03756	ST052	0	0	STU	2	SAS
HG03757	ST046	0	0	STU	2	SAS
HG03760	ST058	0	0	STU	2	SAS
HG03761	PK63	0	0	PJL	1	SAS
HG03762	PK63	0	0	PJL	2	SAS
HG03763	PK63	HG03761	HG03762	PJL	1	SAS
HG03765	PK64	0	0	PJL	2	SAS
HG03767	PK65	0	0	PJL	1	SAS
HG03770	IT016	0	0	ITU	2	SAS
HG03771	IT016	0	0	ITU	1	SAS
HG03772	IT004	0	0	ITU	2	SAS
HG03773	IT004	0	0	ITU	1	SAS
HG03774	IT020	0	0	ITU	2	SAS
HG03775	IT020	0	0	ITU	1	SAS
HG03777	IT022	0	0	ITU	1	SAS
HG03778	IT21	0	0	ITU	1	SAS
HG03779	IT019	0	0	ITU	1	SAS
HG03780	IT039	0	0	ITU	2	SAS
HG03781	IT018	0	0	ITU	2	SAS
HG03782	IT029	0	0	ITU	2	SAS
HG03784	IT023	0	0	ITU	2	SAS
HG03785	IT024	0	0	ITU	1	SAS
HG03786	IT023	0	0	ITU	1	SAS
HG03787	IT027	0	0	ITU	2	SAS
HG03788	IT028	0	0	ITU	1	SAS
HG03789	IT028	0	0	ITU	2	SAS
HG03790	IT025	0	0	ITU	1	SAS
HG03792	IT026	0	0	ITU	1	SAS
HG03793	BD15	0	0	BEB	2	SAS
HG03794	BD15	0	0	BEB	1	SAS
HG03795	BD15	HG03794	HG03793	BEB	1	SAS
HG03796	BD16	0	0	BEB	2	SAS
HG03797	BD16	0	0	BEB	1	SAS
HG03798	BD16	HG03797	HG03796	BEB	1	SAS
HG03799	BD17	0	0	BEB	2	SAS
HG03800	BD17	0	0	BEB	1	SAS
HG03801	BD17	HG03800	HG03799	BEB	2	SAS
HG03802	BD18	0	0	BEB	2	SAS
HG03803	BD18	0	0	BEB	1	SAS
HG03804	BD18	HG03803	HG03802	BEB	2	SAS
HG03805	BD19	0	0	BEB	2	SAS
HG03806	BD19	0	0	BEB	1	SAS
HG03807	BD19	HG03806	HG03805	BEB	2	SAS
HG03808	BD20	0	0	BEB	2	SAS
HG03809	BD20	0	0	BEB	1	SAS
HG03812	HG03812	0	0	BEB	1	SAS
HG03814	BD22	0	0	BEB	2	SAS
HG03815	BD22	0	0	BEB	1	SAS
HG03816	BD22	HG03815	HG03814	BEB	2	SAS
HG03817	BD23	0	0	BEB	2	SAS
HG03821	BD24	0	0	BEB	1	SAS
HG03823	BD25	0	0	BEB	2	SAS
HG03824	BD25	0	0	BEB	1	SAS
HG03825	BD25	HG03824	HG03823	BEB	2	SAS
HG03826	BD26	0	0	BEB	2	SAS
HG03829	BD27	0	0	BEB	2	SAS
HG03830	BD27	0	0	BEB	1	SAS
HG03831	BD27	HG03830	HG03829	BEB	2	SAS
HG03832	BD28	0	0	BEB	2	SAS
HG03833	BD28	0	0	BEB	1	SAS
HG03834	BD28	HG03833	HG03832	BEB	2	SAS
HG03836	ST074	0	0	STU	2	SAS
HG03837	ST079	0	0	STU	1	SAS
HG03838	ST078	0	0	STU	2	SAS
HG03844	ST075	0	0	STU	1	SAS
HG03846	ST080	0	0	STU	1	SAS
HG03848	ST084	0	0	STU	1	SAS
HG03849	ST082	0	0	STU	2	SAS
HG03850	ST082	0	0	STU	1	SAS
HG03851	ST089	0	0	STU	1	SAS
HG03854	ST094	0	0	STU	1	SAS
HG03856	ST092	0	0	STU	1	SAS
HG03857	ST091	0	0	STU	2	SAS
HG03858	ST090	0	0	STU	2	SAS
HG03861	IT032	0	0	ITU	2	SAS
HG03862	IT035	0	0	ITU	2	SAS
HG03863	IT033	0	0	ITU	2	SAS
HG03864	IT034	0	0	ITU	1	SAS
HG03866	IT030	0	0	ITU	1	SAS
HG03867	IT038	0	0	ITU	1	SAS
HG03868	IT5	0	0	ITU	2	SAS
HG03869	IT035	0	0	ITU	1	SAS
HG03870	IT037	0	0	ITU	1	SAS
HG03871	HG03871	0	0	ITU	1	SAS
HG03872	IT036	0	0	ITU	1	SAS
HG03873	IT030	0	0	ITU	2	SAS
HG03874	IT006	0	0	ITU	2	SAS
HG03875	IT40	0	0	ITU	1	SAS
HG03882	IT039a	0	0	ITU	2	SAS
HG03884	ST039	0	0	STU	2	SAS
HG03885	ST016	0	0	STU	1	SAS
HG03886	ST016	0	0	STU	2	SAS
HG03887	ST106	0	0	STU	1	SAS
HG03888	ST050	0	0	STU	2	SAS
HG03890	ST110	0	0	STU	1	SAS
HG03894	ST111	0	0	STU	2	SAS
HG03895	ST107	0	0	STU	2	SAS
HG03896	ST111	0	0	STU	1	SAS
HG03897	ST115	0	0	STU	2	SAS
HG03898	ST114	0	0	STU	2	SAS
HG03899	ST114	0	0	STU	1	SAS
HG03900	ST115	0	0	STU	1	SAS
HG03902	HG03902	0	0	BEB	1	SAS
HG03904	BD30	0	0	BEB	2	SAS
HG03905	BD30	0	0	BEB	1	SAS
HG03906	BD30	HG03905	HG03904	BEB	1	SAS
HG03907	BD31	0	0	BEB	2	SAS
HG03908	BD31	0	0	BEB	1	SAS
HG03909	BD31	HG03908	HG03907	BEB	1	SAS
HG03910	BD32	0	0	BEB	2	SAS
HG03911	BD32	0	0	BEB	1	SAS
HG03913	BD33	0	0	BEB	2	SAS
HG03914	BD33	0	0	BEB	1	SAS
HG03915	BD33	HG03914	HG03913	BEB	2	SAS
HG03916	HG03916	0	0	BEB	2	SAS
HG03917	BD34	0	0	BEB	1	SAS
HG03919	BD35	0	0	BEB	2	SAS
HG03920	BD35	0	0	BEB	1	SAS
HG03922	BD36	0	0	BEB	2	SAS
HG03925	BD37	0	0	BEB	2	SAS
HG03926	BD37	0	0	BEB	1	SAS
HG03927	BD37	HG03926	HG03925	BEB	2	SAS
HG03928	BD38	0	0	BEB	2	SAS
HG03929	BD38	0	0	BEB	1	SAS
HG03930	BD38	HG03929	HG03928	BEB	2	SAS
HG03931	BD39	0	0	BEB	2	SAS
HG03934	BD40	0	0	BEB	2	SAS
HG03937	BD41	0	0	BEB	2	SAS
HG03940	BD42	0	0	BEB	2	SAS
HG03941	BD42	0	0	BEB	1	SAS
HG03942	BD42	HG03941	HG03940	BEB	1	SAS
HG03943	ST116	0	0	STU	1	SAS
HG03944	ST116	0	HG04067	STU	2	SAS
HG03945	ST117	0	0	STU	2	SAS
HG03947	ST118	0	0	STU	2	SAS
HG03949	ST123	0	0	STU	2	SAS
HG03950	ST090	0	0	STU	1	SAS
HG03951	ST013	0	0	STU	2	SAS
HG03953	ST122	0	0	STU	1	SAS
HG03955	ST119	0	0	STU	2	SAS
HG03960	IT044	0	0	ITU	1	SAS
HG03963	IT042	0	0	ITU	1	SAS
HG03965	IT45	0	0	ITU	1	SAS
HG03967	IT51	0	0	ITU	1	SAS
HG03968	IT046	0	0	ITU	2	SAS
HG03969	IT046	0	0	ITU	1	SAS
HG03971	IT048	0	0	ITU	1	SAS
HG03973	IT050	0	0	ITU	2	SAS
HG03974	IT049	0	0	ITU	1	SAS
HG03976	IT050	0	0	ITU	1	SAS
HG03977	IT047	0	0	ITU	2	SAS
HG03978	IT047	0	0	ITU	1	SAS
HG03985	ST144	0	0	STU	1	SAS
HG03986	ST106	0	0	STU	2	SAS
HG03989	ST145	0	0	STU	2	SAS
HG03990	ST142	0	0	STU	1	SAS
HG03991	ST143	0	0	STU	1	SAS
HG03992	ST116	HG03943	HG03944	STU	1	SAS
HG03995	ST021	0	0	STU	2	SAS
HG03998	ST147	0	0	STU	1	SAS
HG03999	ST007	0	0	STU	1	SAS
HG04001	IT053	0	0	ITU	2	SAS
HG04002	IT053	0	0	ITU	1	SAS
HG04003	ST152	0	0	STU	1	SAS
HG04006	ST078	0	0	STU	1	SAS
HG04014	IT059	0	0	ITU	2	SAS
HG04015	IT060	0	0	ITU	1	SAS
HG04017	IT061	0	0	ITU	1	SAS
HG04018	IT007	0	0	ITU	2	SAS
HG04019	IT056	0	0	ITU	1	SAS
HG04020	IT059	0	0	ITU	1	SAS
HG04022	IT062	0	0	ITU	1	SAS
HG04023	IT058	0	0	ITU	1	SAS
HG04025	IT058	0	0	ITU	2	SAS
HG04026	IT061	0	0	ITU	2	SAS
HG04029	ST154	0	0	STU	2	SAS
HG04033	ST076	0	0	STU	1	SAS
HG04035	ST094	0	0	STU	2	SAS
HG04036	ST116	HG03943	HG03944	STU	2	SAS
HG04038	ST170	0	0	STU	2	SAS
HG04039	ST172	0	0	STU	1	SAS
HG04042	ST171	0	0	STU	2	SAS
HG04047	ST173	0	0	STU	2	SAS
HG04054	IT180	0	0	ITU	2	SAS
HG04056	IT180	0	0	ITU	1	SAS
HG04059	IT184	0	0	ITU	2	SAS
HG04060	IT183	0	0	ITU	1	SAS
HG04061	IT182	0	0	ITU	1	SAS
HG04062	IT182	0	0	ITU	2	SAS
HG04063	IT183	0	0	ITU	2	SAS
HG04070	IT45	0	0	ITU	2	SAS
HG04075	ST190	0	0	STU	2	SAS
HG04076	IT191	0	0	ITU	2	SAS
HG04080	IT194	0	0	ITU	1	SAS
HG04090	IT199	0	0	ITU	2	SAS
HG04093	IT199	0	0	ITU	1	SAS
HG04094	IT201	0	0	ITU	1	SAS
HG04096	IT202	0	0	ITU	1	SAS
HG04098	IT205	0	0	ITU	1	SAS
HG04099	ST203	0	0	STU	2	SAS
HG04100	ST203	0	0	STU	1	SAS
HG04106	ST176	0	0	STU	2	SAS
HG04107	ST176	0	0	STU	1	SAS
HG04115	ST111	HG03896	HG03894	STU	1	SAS
HG04118	IT214	0	0	ITU	2	SAS
HG04122	ST190	HG04127	HG04075	STU	1	SAS
HG04127	ST190	0	0	STU	1	SAS
HG04131	BD44	0	0	BEB	1	SAS
HG04132	BD44	0	0	BEB	2	SAS
HG04133	BD44	HG04131	HG04132	BEB	2	SAS
HG04134	BD45	0	0	BEB	1	SAS
HG04135	BD45	0	0	BEB	2	SAS
HG04136	BD45	HG04134	HG04135	BEB	2	SAS
HG04140	BD47	0	0	BEB	1	SAS
HG04141	BD47	0	0	BEB	2	SAS
HG04142	BD47	HG04140	HG04141	BEB	2	SAS
HG04144	BD48	0	0	BEB	2	SAS
HG04146	BD49	0	0	BEB	1	SAS
HG04147	BD49	0	0	BEB	2	SAS
HG04148	BD49	HG04146	HG04147	BEB	2	SAS
HG04149	BD50	0	0	BEB	1	SAS
HG04150	BD50	0	0	BEB	2	SAS
HG04151	BD50	HG04149	HG04150	BEB	2	SAS
HG04152	BD51	0	0	BEB	1	SAS
HG04153	BD51	0	0	BEB	2	SAS
HG04155	BD52	0	0	BEB	1	SAS
HG04156	BD52	0	0	BEB	2	SAS
HG04157	BD52	HG04155	HG04156	BEB	1	SAS
HG04158	BD53	0	0	BEB	1	SAS
HG04159	BD53	0	0	BEB	2	SAS
HG04160	BD53	HG04158	HG04159	BEB	1	SAS
HG04161	BD54	0	0	BEB	1	SAS
HG04162	BD54	0	0	BEB	2	SAS
HG04164	BD55	0	0	BEB	1	SAS
HG04171	BD57	0	0	BEB	2	SAS
HG04173	BD58	0	0	BEB	1	SAS
HG04174	BD58	0	0	BEB	2	SAS
HG04175	BD58	HG04173	HG04174	BEB	2	SAS
HG04176	BD59	0	0	BEB	1	SAS
HG04177	BD59	0	0	BEB	2	SAS
HG04180	BD60	0	0	BEB	2	SAS
HG04182	BD61	0	0	BEB	1	SAS
HG04183	BD61	0	0	BEB	2	SAS
HG04184	BD61	HG04182	HG04183	BEB	2	SAS
HG04185	BD62	0	0	BEB	1	SAS
HG04186	BD62	0	0	BEB	2	SAS
HG04187	BD62	HG04185	HG04186	BEB	1	SAS
HG04188	BD63	0	0	BEB	1	SAS
HG04189	BD63	0	0	BEB	2	SAS
HG04191	BD64	0	0	BEB	1	SAS
HG04192	BD64	0	0	BEB	2	SAS
HG04193	BD64	HG04191	HG04192	BEB	1	SAS
HG04194	BD65	0	0	BEB	1	SAS
HG04195	BD65	0	0	BEB	2	SAS
HG04198	IT220	0	0	ITU	1	SAS
HG04199	ST203	HG04100	HG04099	STU	1	SAS
HG04200	IT220	0	0	ITU	2	SAS
HG04202	IT222	0	0	ITU	2	SAS
HG04204	ST006	HG03679	HG03642	STU	1	SAS
HG04206	HG04206	0	0	ITU	1	SAS
HG04209	IT217	0	0	ITU	2	SAS
HG04210	ST186	0	0	STU	1	SAS
HG04211	IT223	0	0	ITU	1	SAS
HG04212	IT223	0	0	ITU	2	SAS
HG04214	IT226	0	0	ITU	2	SAS
HG04215	ST006	HG03679	HG03642	STU	1	SAS
HG04216	IT227	0	0	ITU	2	SAS
HG04217	IT220	HG04198	HG04200	ITU	2	SAS
HG04219	IT228	0	0	ITU	1	SAS
HG04222	IT225	0	0	ITU	1	SAS
HG04225	IT231	0	0	ITU	1	SAS
HG04227	ST232	0	0	STU	2	SAS
HG04228	ST232	HG04229	HG04227	STU	1	SAS
HG04229	ST232	0	0	STU	1	SAS
HG04235	IT237	0	0	ITU	1	SAS
HG04238	IT240	0	0	ITU	1	SAS
HG04239	HG04239	0	0	ITU	1	SAS
NA06984	1328	0	0	CEU	1	EUR
NA06985	1341	0	0	CEU	2	EUR
NA06986	13291	0	0	CEU	1	EUR
NA06989	1328	0	0	CEU	2	EUR
NA06991	1341	NA06993	NA06985	CEU	2	EUR
NA06993	1341	0	0	CEU	1	EUR
NA06994	1340	0	0	CEU	1	EUR
NA06995	13291	NA07435	NA07037	CEU	1	EUR
NA06997	13291	NA06986	NA07045	CEU	2	EUR
NA07000	1340	0	0	CEU	2	EUR
NA07014	13292	NA07051	NA07031	CEU	2	EUR
NA07019	1340	NA07022	NA07056	CEU	2	EUR
NA07022	1340	0	0	CEU	1	EUR
NA07029	1340	NA06994	NA07000	CEU	1	EUR
NA07031	13292	0	0	CEU	2	EUR
NA07034	1341	0	0	CEU	1	EUR
NA07037	13291	0	0	CEU	2	EUR
NA07045	13291	0	0	CEU	2	EUR
NA07048	1341	NA07034	NA07055	CEU	1	EUR
NA07051	13292	0	0	CEU	1	EUR
NA07055	1341	0	0	CEU	2	EUR
NA07056	1340	0	0	CEU	2	EUR
NA07345	1345	0	0	CEU	2	EUR
NA07346	1345	0	0	CEU	2	EUR
NA07347	1345	0	0	CEU	1	EUR
NA07348	1345	NA07357	NA07345	CEU	2	EUR
NA07349	1345	NA07347	NA07346	CEU	1	EUR
NA07357	1345	0	0	CEU	1	EUR
NA07435	13291	0	0	CEU	1	EUR
NA10830	1408	NA12154	NA12236	CEU	1	EUR
NA10831	1408	NA12155	NA12156	CEU	2	EUR
NA10835	1416	NA12248	NA12249	CEU	1	EUR
NA10836	1418	NA12274	NA12275	CEU	2	EUR
NA10837	1418	NA12272	NA12273	CEU	1	EUR
NA10838	1420	NA12003	NA12004	CEU	1	EUR
NA10839	1420	NA12005	NA12006	CEU	2	EUR
NA10840	1421	NA12286	NA12287	CEU	2	EUR
NA10842	1423	NA11917	NA11918	CEU	1	EUR
NA10843	1423	NA11919	NA11920	CEU	2	EUR
NA10845	1424	NA11930	NA11931	CEU	1	EUR
NA10846	1334	NA12144	NA12145	CEU	1	EUR
NA10847	1334	NA12146	NA12239	CEU	2	EUR
NA10851	1344	NA12056	NA12057	CEU	1	EUR
NA10852	1346	NA12045	NA12046	CEU	2	EUR
NA10854	1349	NA11839	NA11840	CEU	2	EUR
NA10855	1350	NA11831	NA11832	CEU	2	EUR
NA10856	1350	NA11829	NA11830	CEU	1	EUR
NA10857	1346	NA12043	NA12044	CEU	1	EUR
NA10859	1347	NA11881	NA11882	CEU	2	EUR
NA10860	1362	NA11992	NA11993	CEU	1	EUR
NA10861	1362	NA11994	NA11995	CEU	2	EUR
NA10863	1375	NA12264	NA12234	CEU	2	EUR
NA10864	1377	NA11893	NA11894	CEU	2	EUR
NA10865	1377	NA11891	NA11892	CEU	1	EUR
NA11829	1350	0	0	CEU	1	EUR
NA11830	1350	0	0	CEU	2	EUR
NA11831	1350	0	0	CEU	1	EUR
NA11832	1350	0	0	CEU	2	EUR
NA11839	1349	0	0	CEU	1	EUR
NA11840	1349	0	0	CEU	2	EUR
NA11843	1349	0	0	CEU	1	EUR
NA11881	1347	0	0	CEU	1	EUR
NA11882	1347	0	0	CEU	2	EUR
NA11891	1377	0	0	CEU	1	EUR
NA11892	1377	0	0	CEU	2	EUR
NA11893	1377	0	0	CEU	1	EUR
NA11894	1377	0	0	CEU	2	EUR
NA11917	1423	0	0	CEU	1	EUR
NA11918	1423	0	0	CEU	2	EUR
NA11919	1423	0	0	CEU	1	EUR
NA11920	1423	0	0	CEU	2	EUR
NA11930	1424	0	0	CEU	1	EUR
NA11931	1424	0	0	CEU	2	EUR
NA11932	1424a	0	0	CEU	1	EUR
NA11933	1424a	0	0	CEU	2	EUR
NA11992	1362	0	0	CEU	1	EUR
NA11993	1362	0	0	CEU	2	EUR
NA11994	1362	0	0	CEU	1	EUR
NA11995	1362	0	0	CEU	2	EUR
NA12003	1420	0	0	CEU	1	EUR
NA12004	1420	0	0	CEU	2	EUR
NA12005	1420	0	0	CEU	1	EUR
NA12006	1420	0	0	CEU	2	EUR
NA12043	1346	0	0	CEU	1	EUR
NA12044	1346	0	0	CEU	2	EUR
NA12045	1346	0	0	CEU	1	EUR
NA12046	1346	0	0	CEU	2	EUR
NA12056	1344	0	0	CEU	1	EUR
NA12057	1344	0	0	CEU	2	EUR
NA12058	1344	0	0	CEU	2	EUR
NA12144	1334	0	0	CEU	1	EUR
NA12145	1334	0	0	CEU	2	EUR
NA12146	1334	0	0	CEU	1	EUR
NA12154	1408	0	0	CEU	1	EUR
NA12155	1408	0	0	CEU	1	EUR
NA12156	1408	0	0	CEU	2	EUR
NA12234	1375	0	0	CEU	2	EUR
NA12236	1408	0	0	CEU	2	EUR
NA12239	1334	0	0	CEU	2	EUR
NA12248	1416	0	0	CEU	1	EUR
NA12249	1416	0	0	CEU	2	EUR
NA12264	1375	0	0	CEU	1	EUR
NA12272	1418	0	0	CEU	1	EUR
NA12273	1418	0	0	CEU	2	EUR
NA12274	1418	0	0	CEU	1	EUR
NA12275	1418	0	0	CEU	2	EUR
NA12282	1421a	0	0	CEU	1	EUR
NA12283	1421a	0	0	CEU	2	EUR
NA12286	1421	0	0	CEU	1	EUR
NA12287	1421	0	0	CEU	2	EUR
NA12329	1328	NA06984	NA06989	CEU	2	EUR
NA12335	1330	NA12340	NA12341	CEU	1	EUR
NA12336	1330	NA12342	NA12343	CEU	2	EUR
NA12340	1330	0	0	CEU	1	EUR
NA12341	1330	0	0	CEU	2	EUR
NA12342	1330	0	0	CEU	1	EUR
NA12343	1330	0	0	CEU	2	EUR
NA12344	13281	NA12347	NA12348	CEU	1	EUR
NA12347	13281	0	0	CEU	1	EUR
NA12348	13281	0	0	CEU	2	EUR
NA12376	1353	NA12546	NA12489	CEU	2	EUR
NA12383	1353	0	0	CEU	2	EUR
NA12386	1354	NA12399	NA12400	CEU	2	EUR
NA12399	1354	0	0	CEU	1	EUR
NA12400	1354	0	0	CEU	2	EUR
NA12413	1355	0	0	CEU	1	EUR
NA12414	1355	0	0	CEU	2	EUR
NA12485	1355	NA12413	NA12414	CEU	1	EUR
NA12489	1353	0	0	CEU	2	EUR
NA12546	1353	0	0	CEU	1	EUR
NA12707	1358	NA12716	NA12717	CEU	1	EUR
NA12716	1358	0	0	CEU	1	EUR
NA12717	1358	0	0	CEU	2	EUR
NA12718	1358	0	0	CEU	2	EUR
NA12739	1444	NA12748	NA12749	CEU	1	EUR
NA12740	1444	NA12750	NA12751	CEU	2	EUR
NA12748	1444	0	0	CEU	1	EUR
NA12749	1444	0	0	CEU	2	EUR
NA12750	1444	0	0	CEU	1	EUR
NA12751	1444	0	0	CEU	2	EUR
NA12752	1447	NA12760	NA12761	CEU	1	EUR
NA12753	1447	NA12762	NA12763	CEU	2	EUR
NA12760	1447	0	0	CEU	1	EUR
NA12761	1447	0	0	CEU	2	EUR
NA12762	1447	0	0	CEU	1	EUR
NA12763	1447	0	0	CEU	2	EUR
NA12766	1451	NA12775	NA12776	CEU	1	EUR
NA12767	1451	NA12777	NA12778	CEU	2	EUR
NA12775	1451	0	0	CEU	1	EUR
NA12776	1451	0	0	CEU	2	EUR
NA12777	1451	0	0	CEU	1	EUR
NA12778	1451	0	0	CEU	2	EUR
NA12801	1454	NA12812	NA12813	CEU	1	EUR
NA12802	1454	NA12814	NA12815	CEU	2	EUR
NA12812	1454	0	0	CEU	1	EUR
NA12813	1454	0	0	CEU	2	EUR
NA12814	1454	0	0	CEU	1	EUR
NA12815	1454	0	0	CEU	2	EUR
NA12817	1456	NA12827	NA12828	CEU	1	EUR
NA12818	1456	NA12829	NA12830	CEU	2	EUR
NA12827	1456	0	0	CEU	1	EUR
NA12828	1456	0	0	CEU	2	EUR
NA12829	1456	0	0	CEU	1	EUR
NA12830	1456	0	0	CEU	2	EUR
NA12832	1458	NA12842	NA12843	CEU	2	EUR
NA12842	1458	0	0	CEU	1	EUR
NA12843	1458	0	0	CEU	2	EUR
NA12864	1459	NA12872	NA12873	CEU	1	EUR
NA12865	1459	NA12874	NA12875	CEU	2	EUR
NA12872	1459	0	0	CEU	1	EUR
NA12873	1459	0	0	CEU	2	EUR
NA12874	1459	0	0	CEU	1	EUR
NA12875	1459	0	0	CEU	2	EUR
NA12877	1463	NA12889	NA12890	CEU	1	EUR
NA12878	1463	NA12891	NA12892	CEU	2	EUR
NA12889	1463	0	0	CEU	1	EUR
NA12890	1463	0	0	CEU	2	EUR
NA12891	1463	0	0	CEU	1	EUR
NA12892	1463	0	0	CEU	2	EUR
NA18484	Y001	NA18486	NA18488	YRI	2	AFR
NA18485	Y002	NA18487	NA18489	YRI	1	AFR
NA18486	Y001	0	0	YRI	1	AFR
NA18487	Y002	0	0	YRI	1	AFR
NA18488	Y001	0	0	YRI	2	AFR
NA18489	Y002	0	0	YRI	2	AFR
NA18497	Y003	NA18498	NA18499	YRI	1	AFR
NA18498	Y003	0	0	YRI	1	AFR
NA18499	Y003	0	0	YRI	2	AFR
NA18500	Y004	NA18501	NA18502	YRI	1	AFR
NA18501	Y004	0	0	YRI	1	AFR
NA18502	Y004	0	0	YRI	2	AFR
NA18503	Y005	NA18504	NA18505	YRI	1	AFR
NA18504	Y005	0	0	YRI	1	AFR
NA18505	Y005	0	0	YRI	2	AFR
NA18506	Y009	NA18507	NA18508	YRI	1	AFR
NA18507	Y009	0	0	YRI	1	AFR
NA18508	Y009	0	0	YRI	2	AFR
NA18510	Y010a	0	0	YRI	1	AFR
NA18511	Y010	0	0	YRI	2	AFR
NA18515	Y013	NA18516	NA18517	YRI	1	AFR
NA18516	Y013	0	0	YRI	1	AFR
NA18517	Y013	0	0	YRI	2	AFR
NA18518	Y014	NA18519	NA18520	YRI	2	AFR
NA18519	Y014	0	0	YRI	1	AFR
NA18520	Y014	0	0	YRI	2	AFR
NA18521	Y016	NA18522	NA18523	YRI	1	AFR
NA18522	Y016	0	0	YRI	1	AFR
NA18523	Y016	0	0	YRI	2	AFR
NA18525	NA18525	0	0	CHB	2	EAS
NA18526	NA18526	0	0	CHB	2	EAS
NA18528	NA18528	0	0	CHB	2	EAS
NA18530	NA18530	0	0	CHB	1	EAS
NA18531	NA18531	0	0	CHB	2	EAS
NA18532	NA18532	0	0	CHB	2	EAS
NA18533	NA18533	0	0	CHB	2	EAS
NA18534	NA18534	0	0	CHB	1	EAS
NA18535	NA18535	0	0	CHB	2	EAS
NA18536	NA18536	0	0	CHB	1	EAS
NA18537	NA18537	0	0	CHB	2	EAS
NA18538	NA18538	0	0	CHB	2	EAS
NA18539	NA18539	0	0	CHB	2	EAS
NA18541	NA18541	0	0	CHB	2	EAS
NA18542	NA18542	0	0	CHB	2	EAS
NA18543	NA18543	0	0	CHB	1	EAS
NA18544	NA18544	0	0	CHB	1	EAS
NA18545	NA18545	0	0	CHB	2	EAS
NA18546	NA18546	0	0	CHB	1	EAS
NA18547	NA18547	0	0	CHB	2	EAS
NA18548	NA18548	0	0	CHB	1	EAS
NA18549	NA18549	0	0	CHB	1	EAS
NA18550	NA18550	0	0	CHB	2	EAS
NA18552	NA18552	0	0	CHB	2	EAS
NA18553	NA18553	0	0	CHB	2	EAS
NA18555	NA18555	0	0	CHB	2	EAS
NA18557	NA18557	0	0	CHB	1	EAS
NA18558	NA18558	0	0	CHB	1	EAS
NA18559	NA18559	0	0	CHB	1	EAS
NA18560	NA18560	0	0	CHB	2	EAS
NA18561	NA18561	0	0	CHB	1	EAS
NA18562	NA18562	0	0	CHB	1	EAS
NA18563	NA18563	0	0	CHB	1	EAS
NA18564	NA18564	0	0	CHB	2	EAS
NA18565	NA18565	0	0	CHB	2	EAS
NA18566	NA18566	0	0	CHB	2	EAS
NA18567	NA18567	0	0	CHB	2	EAS
NA18570	NA18570	0	0	CHB	2	EAS
NA18571	NA18571	0	0	CHB	2	EAS
NA18572	NA18572	0	0	CHB	1	EAS
NA18573	NA18573	0	0	CHB	2	EAS
NA18574	NA18574	0	0	CHB	2	EAS
NA18577	NA18577	0	0	CHB	2	EAS
NA18579	NA18579	0	0	CHB	2	EAS
NA18582	NA18582	0	0	CHB	2	EAS
NA18591	NA18591	0	0	CHB	2	EAS
NA18592	NA18592	0	0	CHB	2	EAS
NA18593	NA18593	0	0	CHB	2	EAS
NA18595	NA18595	0	0	CHB	2	EAS
NA18596	NA18596	0	0	CHB	2	EAS
NA18597	NA18597	0	0	CHB	2	EAS
NA18599	NA18599	0	0	CHB	2	EAS
NA18602	NA18602	0	0	CHB	2	EAS
NA18603	NA18603	0	0	CHB	1	EAS
NA18605	NA18605	0	0	CHB	1	EAS
NA18606	NA18606	0	0	CHB	1	EAS
NA18608	NA18608	0	0	CHB	1	EAS
NA18609	NA18609	0	0	CHB	1	EAS
NA18610	NA18610	0	0	CHB	2	EAS
NA18611	NA18611	0	0	CHB	1	EAS
NA18612	NA18612	0	0	CHB	1	EAS
NA18613	NA18613	0	0	CHB	1	EAS
NA18614	NA18614	0	0	CHB	2	EAS
NA18615	NA18615	0	0	CHB	2	EAS
NA18616	NA18616	0	0	CHB	2	EAS
NA18617	NA18617	0	0	CHB	2	EAS
NA18618	NA18618	0	0	CHB	2	EAS
NA18619	NA18619	0	0	CHB	2	EAS
NA18620	NA18620	0	0	CHB	1	EAS
NA18621	NA18621	0	0	CHB	1	EAS
NA18622	NA18622	0	0	CHB	1	EAS
NA18623	NA18623	0	0	CHB	1	EAS
NA18624	NA18624	0	0	CHB	1	EAS
NA18625	NA18625	0	0	CHB	2	EAS
NA18626	NA18626	0	0	CHB	2	EAS
NA18627	NA18627	0	0	CHB	2	EAS
NA18628	NA18628	0	0	CHB	2	EAS
NA18629	NA18629	0	0	CHB	1	EAS
NA18630	NA18630	0	0	CHB	2	EAS
NA18631	NA18631	0	0	CHB	2	EAS
NA18632	NA18632	0	0	CHB	1	EAS
NA18633	NA18633	0	0	CHB	1	EAS
NA18634	NA18634	0	0	CHB	2	EAS
NA18635	NA18635	0	0	CHB	1	EAS
NA18636	NA18636	0	0	CHB	1	EAS
NA18637	NA18637	0	0	CHB	1	EAS
NA18638	NA18638	0	0	CHB	1	EAS
NA18639	NA18639	0	0	CHB	1	EAS
NA18640	NA18640	0	0	CHB	2	EAS
NA18641	NA18641	0	0	CHB	2	EAS
NA18642	NA18642	0	0	CHB	2	EAS
NA18643	NA18643	0	0	CHB	1	EAS
NA18644	NA18644	0	0	CHB	2	EAS
NA18645	NA18645	0	0	CHB	1	EAS
NA18646	NA18646	0	0	CHB	2	EAS
NA18647	NA18647	0	0	CHB	1	EAS
NA18648	NA18648	0	0	CHB	1	EAS
NA18740	NA18740	0	0	CHB	1	EAS
NA18745	NA18745	0	0	CHB	1	EAS
NA18747	NA18747	0	0	CHB	1	EAS
NA18748	NA18748	0	0	CHB	1	EAS
NA18749	NA18749	0	0	CHB	1	EAS
NA18757	NA18757	0	0	CHB	1	EAS
NA18852	Y018	0	0	YRI	2	AFR
NA18853	Y018	0	0	YRI	1	AFR
NA18854	Y018	NA18853	NA18852	YRI	1	AFR
NA18855	Y023	0	0	YRI	2	AFR
NA18856	Y023	0	0	YRI	1	AFR
NA18857	Y023	NA18856	NA18855	YRI	1	AFR
NA18858	Y012	0	0	YRI	2	AFR
NA18859	Y012	0	0	YRI	1	AFR
NA18860	Y012	NA18859	NA18858	YRI	1	AFR
NA18861	Y024	0	0	YRI	2	AFR
NA18862	Y024	0	NA19105	YRI	1	AFR
NA18863	Y024	NA18862	NA18861	YRI	1	AFR
NA18864	Y026	0	0	YRI	2	AFR
NA18865	Y026	0	0	YRI	1	AFR
NA18867	Y007	0	0	YRI	2	AFR
NA18868	Y007	0	0	YRI	1	AFR
NA18869	Y007	NA18868	NA18867	YRI	1	AFR
NA18870	Y017	0	0	YRI	2	AFR
NA18871	Y017	0	0	YRI	1	AFR
NA18872	Y017	NA18871	NA18870	YRI	1	AFR
NA18873	Y019	0	0	YRI	2	AFR
NA18874	Y019	0	0	YRI	1	AFR
NA18875	Y019	NA18874	NA18873	YRI	2	AFR
NA18876	Y020	0	0	YRI	2	AFR
NA18877	Y020	0	0	YRI	1	AFR
NA18878	Y021	0	0	YRI	2	AFR
NA18879	Y021	0	0	YRI	1	AFR
NA18881	Y022	0	0	YRI	2	AFR
NA18906	Y020	NA18877	NA18876	YRI	2	AFR
NA18907	Y025	0	0	YRI	2	AFR
NA18908	Y025a	0	0	YRI	1	AFR
NA18909	Y027	0	0	YRI	2	AFR
NA18910	Y027	0	0	YRI	1	AFR
NA18911	Y027	NA18910	NA18909	YRI	1	AFR
NA18912	Y028	0	0	YRI	2	AFR
NA18913	Y028	0	NA19238	YRI	1	AFR
NA18914	Y028	NA18913	NA18912	YRI	1	AFR
NA18915	Y029	0	0	YRI	1	AFR
NA18916	Y030	0	0	YRI	2	AFR
NA18917	Y030	0	0	YRI	1	AFR
NA18923	Y033	0	0	YRI	1	AFR
NA18924	Y033	0	0	YRI	2	AFR
NA18925	Y033	NA18923	NA18924	YRI	1	AFR
NA18930	Y030	NA18917	NA18916	YRI	2	AFR
NA18933	Y036	0	0	YRI	2	AFR
NA18934	Y036	0	0	YRI	1	AFR
NA18935	Y036	NA18934	NA18933	YRI	1	AFR
NA18939	NA18939	0	0	JPT	2	EAS
NA18940	NA18940	0	0	JPT	1	EAS
NA18941	NA18941	0	0	JPT	2	EAS
NA18942	NA18942	0	0	JPT	2	EAS
NA18943	NA18943	0	0	JPT	1	EAS
NA18944	NA18944	0	0	JPT	1	EAS
NA18945	NA18945	0	0	JPT	1	EAS
NA18946	NA18946	0	0	JPT	2	EAS
NA18947	NA18947	0	0	JPT	2	EAS
NA18948	NA18948	0	0	JPT	1	EAS
NA18949	NA18949	0	0	JPT	2	EAS
NA18950	NA18950	0	0	JPT	2	EAS
NA18951	NA18951	0	0	JPT	2	EAS
NA18952	NA18952	0	0	JPT	1	EAS
NA18953	NA18953	0	0	JPT	1	EAS
NA18954	NA18954	0	0	JPT	2	EAS
NA18956	NA18956	0	0	JPT	2	EAS
NA18957	NA18957	0	0	JPT	2	EAS
NA18959	NA18959	0	0	JPT	1	EAS
NA18960	NA18960	0	0	JPT	1	EAS
NA18961	NA18961	0	0	JPT	1	EAS
NA18962	NA18962	0	0	JPT	1	EAS
NA18963	NA18963	0	0	JPT	2	EAS
NA18964	NA18964	0	0	JPT	2	EAS
NA18965	NA18965	0	0	JPT	1	EAS
NA18966	NA18966	0	0	JPT	1	EAS
NA18967	NA18967	0	0	JPT	1	EAS
NA18968	NA18968	0	0	JPT	2	EAS
NA18969	NA18969	0	0	JPT	2	EAS
NA18970	NA18970	0	0	JPT	1	EAS
NA18971	NA18971	0	0	JPT	1	EAS
NA18972	NA18972	0	0	JPT	2	EAS
NA18973	NA18973	0	0	JPT	2	EAS
NA18974	NA18974	0	0	JPT	1	EAS
NA18975	NA18975	0	0	JPT	2	EAS
NA18976	NA18976	0	0	JPT	2	EAS
NA18977	NA18977	0	0	JPT	1	EAS
NA18978	NA18978	0	0	JPT	2	EAS
NA18979	NA18979	0	0	JPT	2	EAS
NA18980	NA18980	0	0	JPT	2	EAS
NA18981	NA18981	0	0	JPT	2	EAS
NA18982	NA18982	0	0	JPT	1	EAS
NA18983	NA18983	0	0	JPT	1	EAS
NA18984	NA18984	0	0	JPT	1	EAS
NA18985	NA18985	0	0	JPT	1	EAS
NA18986	NA18986	0	0	JPT	1	EAS
NA18987	NA18987	0	0	JPT	2	EAS
NA18988	NA18988	0	0	JPT	1	EAS
NA18989	NA18989	0	0	JPT	1	EAS
NA18990	NA18990	0	0	JPT	1	EAS
NA18991	NA18991	0	0	JPT	2	EAS
NA18992	NA18992	0	0	JPT	2	EAS
NA18993	NA18993	0	0	JPT	2	EAS
NA18994	NA18994	0	0	JPT	1	EAS
NA18995	NA18995	0	0	JPT	1	EAS
NA18997	NA18997	0	0	JPT	2	EAS
NA18998	NA18998	0	0	JPT	2	EAS
NA18999	NA18999	0	0	JPT	2	EAS
NA19000	NA19000	0	0	JPT	1	EAS
NA19001	NA19001	0	0	JPT	2	EAS
NA19002	NA19002	0	0	JPT	2	EAS
NA19003	NA19003	0	0	JPT	2	EAS
NA19004	NA19004	0	0	JPT	1	EAS
NA19005	NA19005	0	0	JPT	1	EAS
NA19006	NA19006	0	0	JPT	1	EAS
NA19007	NA19007	0	0	JPT	1	EAS
NA19009	NA19009	0	0	JPT	1	EAS
NA19010	NA19010	0	0	JPT	2	EAS
NA19011	NA19011	0	0	JPT	2	EAS
NA19012	NA19012	0	0	JPT	1	EAS
NA19017	NA19017	0	0	LWK	2	AFR
NA19019	NA19019	0	0	LWK	2	AFR
NA19020	NA19020	0	0	LWK	1	AFR
NA19023	NA19023	0	0	LWK	2	AFR
NA19024	NA19024	0	0	LWK	2	AFR
NA19025	NA19025	0	0	LWK	1	AFR
NA19026	NA19026	0	0	LWK	1	AFR
NA19027	NA19027	0	0	LWK	1	AFR
NA19028	NA19028	0	0	LWK	1	AFR
NA19030	NA19030	0	0	LWK	2	AFR
NA19031	NA19031	0	0	LWK	1	AFR
NA19035	NA19035	0	0	LWK	1	AFR
NA19036	NA19036	0	0	LWK	2	AFR
NA19037	NA19037	0	0	LWK	2	AFR
NA19038	NA19038	0	0	LWK	2	AFR
NA19041	NA19041	0	0	LWK	1	AFR
NA19042	NA19042	0	0	LWK	2	AFR
NA19043	NA19043	0	0	LWK	1	AFR
NA19054	NA19054	0	0	JPT	2	EAS
NA19055	NA19055	0	0	JPT	1	EAS
NA19056	NA19056	0	0	JPT	1	EAS
NA19057	NA19057	0	0	JPT	2	EAS
NA19058	NA19058	0	0	JPT	1	EAS
NA19059	NA19059	0	0	JPT	2	EAS
NA19060	NA19060	0	0	JPT	1	EAS
NA19062	NA19062	0	0	JPT	1	EAS
NA19063	NA19063	0	0	JPT	1	EAS
NA19064	NA19064	0	0	JPT	2	EAS
NA19065	NA19065	0	0	JPT	2	EAS
NA19066	NA19066	0	0	JPT	1	EAS
NA19067	NA19067	0	0	JPT	1	EAS
NA19068	NA19068	0	0	JPT	1	EAS
NA19070	NA19070	0	0	JPT	1	EAS
NA19072	NA19072	0	0	JPT	1	EAS
NA19074	NA19074	0	0	JPT	2	EAS
NA19075	NA19075	0	0	JPT	1	EAS
NA19076	NA19076	0	0	JPT	1	EAS
NA19077	NA19077	0	0	JPT	2	EAS
NA19078	NA19078	0	0	JPT	2	EAS
NA19079	NA19079	0	0	JPT	1	EAS
NA19080	NA19080	0	0	JPT	2	EAS
NA19081	NA19081	0	0	JPT	2	EAS
NA19082	NA19082	0	0	JPT	1	EAS
NA19083	NA19083	0	0	JPT	1	EAS
NA19084	NA19084	0	0	JPT	2	EAS
NA19085	NA19085	0	0	JPT	1	EAS
NA19086	NA19086	0	0	JPT	1	EAS
NA19087	NA19087	0	0	JPT	2	EAS
NA19088	NA19088	0	0	JPT	1	EAS
NA19089	NA19089	0	0	JPT	1	EAS
NA19090	NA19090	0	0	JPT	2	EAS
NA19091	NA19091	0	0	JPT	1	EAS
NA19092	Y040	0	0	YRI	1	AFR
NA19093	Y040	0	0	YRI	2	AFR
NA19094	Y040	NA19092	NA19093	YRI	2	AFR
NA19095	Y041	0	0	YRI	2	AFR
NA19096	Y041	0	0	YRI	1	AFR
NA19097	Y041	NA19096	NA19095	YRI	2	AFR
NA19098	Y105	0	0	YRI	1	AFR
NA19099	Y105	0	0	YRI	2	AFR
NA19100	Y105	NA19098	NA19099	YRI	2	AFR
NA19101	Y042	0	0	YRI	1	AFR
NA19102	Y042	0	0	YRI	2	AFR
NA19103	Y042	NA19101	NA19102	YRI	1	AFR
NA19107	Y006	0	0	YRI	1	AFR
NA19108	Y006	0	0	YRI	2	AFR
NA19109	Y006	NA19107	NA19108	YRI	2	AFR
NA19113	Y079	0	0	YRI	1	AFR
NA19114	Y079	0	0	YRI	2	AFR
NA19115	Y079	NA19113	NA19114	YRI	2	AFR
NA19116	Y060	0	0	YRI	2	AFR
NA19117	Y100	0	0	YRI	1	AFR
NA19118	Y100	0	0	YRI	2	AFR
NA19119	Y060	0	0	YRI	1	AFR
NA19120	Y060	NA19119	NA19116	YRI	1	AFR
NA19121	Y061	0	0	YRI	1	AFR
NA19122	Y061	0	0	YRI	2	AFR
NA19123	Y061	NA19121	NA19122	YRI	1	AFR
NA19127	Y077	0	0	YRI	2	AFR
NA19128	Y077	0	0	YRI	1	AFR
NA19129	Y077	NA19128	NA19127	YRI	2	AFR
NA19130	Y101	0	0	YRI	1	AFR
NA19131	Y101	0	0	YRI	2	AFR
NA19132	Y101	NA19130	NA19131	YRI	2	AFR
NA19137	Y043	0	0	YRI	2	AFR
NA19138	Y043	0	0	YRI	1	AFR
NA19139	Y043	NA19138	NA19137	YRI	1	AFR
NA19140	Y071	0	0	YRI	2	AFR
NA19141	Y071	0	0	YRI	1	AFR
NA19142	Y071	NA19141	NA19140	YRI	1	AFR
NA19143	Y074	0	0	YRI	2	AFR
NA19144	Y074	0	0	YRI	1	AFR
NA19145	Y074	NA19144	NA19143	YRI	1	AFR
NA19146	Y075	0	0	YRI	1	AFR
NA19147	Y075	0	0	YRI	2	AFR
NA19148	Y075	NA19146	NA19147	YRI	2	AFR
NA19149	Y073	0	0	YRI	2	AFR
NA19150	Y073	0	0	YRI	1	AFR
NA19151	Y073	NA19150	NA19149	YRI	2	AFR
NA19152	Y072	0	0	YRI	2	AFR
NA19153	Y072	0	0	YRI	1	AFR
NA19154	Y072	NA19153	NA19152	YRI	1	AFR
NA19159	Y056	0	0	YRI	2	AFR
NA19160	Y056	0	0	YRI	1	AFR
NA19161	Y056	NA19160	NA19159	YRI	1	AFR
NA19171	Y047	0	0	YRI	1	AFR
NA19172	Y047	0	0	YRI	2	AFR
NA19173	Y047	NA19171	NA19172	YRI	1	AFR
NA19174	Y100	NA19117	NA19118	YRI	1	AFR
NA19175	Y044	0	0	YRI	1	AFR
NA19176	Y044	0	0	YRI	2	AFR
NA19177	Y044	NA19175	NA19176	YRI	1	AFR
NA19184	Y039	0	0	YRI	1	AFR
NA19185	Y039	0	0	YRI	2	AFR
NA19186	Y039	NA19184	NA19185	YRI	1	AFR
NA19189	Y111	0	0	YRI	1	AFR
NA19190	Y111	0	0	YRI	2	AFR
NA19191	Y111	NA19189	NA19190	YRI	1	AFR
NA19197	Y035	0	0	YRI	2	AFR
NA19198	Y035	0	0	YRI	1	AFR
NA19199	Y035	NA19198	NA19197	YRI	2	AFR
NA19200	Y045	0	0	YRI	1	AFR
NA19201	Y045	0	0	YRI	2	AFR
NA19202	Y045	NA19200	NA19201	YRI	2	AFR
NA19203	Y048	0	0	YRI	1	AFR
NA19204	Y048	0	0	YRI	2	AFR
NA19205	Y048	NA19203	NA19204	YRI	1	AFR
NA19206	Y051	0	0	YRI	2	AFR
NA19207	Y051	0	0	YRI	1	AFR
NA19208	Y051	NA19207	NA19206	YRI	1	AFR
NA19209	Y050	0	0	YRI	2	AFR
NA19210	Y050	0	0	YRI	1	AFR
NA19211	Y050	NA19210	NA19209	YRI	1	AFR
NA19213	Y110	0	0	YRI	1	AFR
NA19214	Y110	0	0	YRI	2	AFR
NA19215	Y110	NA19213	NA19214	YRI	2	AFR
NA19221	Y058	NA19223	NA19222	YRI	2	AFR
NA19222	Y058	0	0	YRI	2	AFR
NA19223	Y058	0	0	YRI	1	AFR
NA19224	Y057	NA19226	NA19225	YRI	1	AFR
NA19225	Y057	0	0	YRI	2	AFR
NA19226	Y057	0	0	YRI	1	AFR
NA19235	Y116	0	0	YRI	2	AFR
NA19236	Y116	0	0	YRI	1	AFR
NA19237	Y116	NA19236	NA19235	YRI	2	AFR
NA19238	Y117	0	0	YRI	2	AFR
NA19239	Y117	0	0	YRI	1	AFR
NA19240	Y117	NA19239	NA19238	YRI	2	AFR
NA19247	Y120	0	0	YRI	2	AFR
NA19248	Y120	0	0	YRI	1	AFR
NA19249	Y120	NA19248	NA19247	YRI	1	AFR
NA19256	Y092	0	0	YRI	1	AFR
NA19257	Y092	0	0	YRI	2	AFR
NA19258	Y092	NA19256	NA19257	YRI	1	AFR
NA19307	NA19307	0	0	LWK	1	AFR
NA19308	NA19308	0	0	LWK	1	AFR
NA19309	NA19309	0	0	LWK	1	AFR
NA19310	NA19310	0	0	LWK	2	AFR
NA19312	NA19312	0	0	LWK	1	AFR
NA19314	NA19314	0	0	LWK	2	AFR
NA19315	NA19315	0	0	LWK	2	AFR
NA19316	NA19316	0	0	LWK	2	AFR
NA19317	NA19317	0	0	LWK	1	AFR
NA19318	NA19318	0	0	LWK	1	AFR
NA19319	NA19319	0	0	LWK	1	AFR
NA19320	NA19320	0	0	LWK	2	AFR
NA19321	NA19321	0	0	LWK	2	AFR
NA19323	NA19323	0	0	LWK	2	AFR
NA19324	NA19324	0	0	LWK	2	AFR
NA19327	NA19327	0	0	LWK	2	AFR
NA19328	NA19328	0	0	LWK	2	AFR
NA19331	LWK001	0	0	LWK	1	AFR
NA19332	NA19332	0	0	LWK	2	AFR
NA19334	NA19334	0	0	LWK	1	AFR
NA19338	NA19338	0	0	LWK	2	AFR
NA19346	NA19346	0	0	LWK	1	AFR
NA19347	NA19347	0	0	LWK	1	AFR
NA19350	NA19350	0	0	LWK	1	AFR
NA19351	NA19351	0	0	LWK	2	AFR
NA19355	NA19355	0	0	LWK	2	AFR
NA19360	NA19360	0	0	LWK	1	AFR
NA19372	NA19372	0	0	LWK	1	AFR
NA19374	NA19374	0	0	LWK	1	AFR
NA19375	NA19375	0	0	LWK	1	AFR
NA19376	NA19376	0	0	LWK	1	AFR
NA19377	NA19377	0	0	LWK	2	AFR
NA19378	NA19378	0	0	LWK	2	AFR
NA19379	NA19379	0	0	LWK	2	AFR
NA19380	NA19380	0	0	LWK	1	AFR
NA19383	NA19383	0	0	LWK	1	AFR
NA19384	NA19384	0	0	LWK	1	AFR
NA19385	NA19385	0	0	LWK	1	AFR
NA19390	NA19390	0	0	LWK	2	AFR
NA19391	NA19391	0	0	LWK	2	AFR
NA19393	NA19393	0	0	LWK	1	AFR
NA19394	NA19394	0	0	LWK	1	AFR
NA19395	NA19395	0	0	LWK	2	AFR
NA19397	NA19397	0	0	LWK	1	AFR
NA19399	NA19399	0	0	LWK	2	AFR
NA19401	NA19401	0	0	LWK	2	AFR
NA19403	NA19403	0	0	LWK	2	AFR
NA19404	NA19404	0	0	LWK	2	AFR
NA19428	NA19428	0	0	LWK	1	AFR
NA19429	NA19429	0	0	LWK	1	AFR
NA19430	NA19430	0	0	LWK	1	AFR
NA19431	NA19431	0	0	LWK	2	AFR
NA19434	LWK003	0	NA19432	LWK	2	AFR
NA19435	NA19435	0	0	LWK	2	AFR
NA19436	NA19436	0	0	LWK	2	AFR
NA19437	NA19437	0	0	LWK	2	AFR
NA19438	NA19438	0	0	LWK	2	AFR
NA19439	NA19439	0	0	LWK	2	AFR
NA19440	NA19440	0	0	LWK	2	AFR
NA19443	NA19443	0	0	LWK	1	AFR
NA19445	LWK004	NA19453	0	LWK	2	AFR
NA19446	NA19446	0	0	LWK	2	AFR
NA19448	NA19448	0	0	LWK	1	AFR
NA19449	NA19449	0	0	LWK	2	AFR
NA19451	NA19451	0	0	LWK	1	AFR
NA19452	NA19452	0	0	LWK	1	AFR
NA19454	NA19454	0	0	LWK	1	AFR
NA19455	NA19455	0	0	LWK	1	AFR
NA19456	NA19456	0	0	LWK	2	AFR
NA19457	NA19457	0	0	LWK	2	AFR
NA19461	NA19461	0	0	LWK	1	AFR
NA19462	NA19462	0	0	LWK	2	AFR
NA19463	NA19463	0	0	LWK	2	AFR
NA19466	NA19466	0	0	LWK	1	AFR
NA19467	NA19467	0	0	LWK	2	AFR
NA19468	NA19468	0	0	LWK	2	AFR
NA19471	NA19471	0	0	LWK	2	AFR
NA19472	NA19472	0	0	LWK	2	AFR
NA19473	NA19473	0	0	LWK	2	AFR
NA19474	NA19474	0	0	LWK	2	AFR
NA19475	NA19475	0	0	LWK	2	AFR
NA19625	2357	0	0	ASW	2	AFR
NA19648	m001	0	0	MXL	2	AMR
NA19649	m001	0	0	MXL	1	AMR
NA19650	m001	NA19649	NA19648	MXL	1	AMR
NA19651	m005	0	0	MXL	2	AMR
NA19652	m005	0	0	MXL	1	AMR
NA19653	m005	NA19652	NA19651	MXL	2	AMR
NA19654	m006	0	0	MXL	2	AMR
NA19655	m006	0	0	MXL	1	AMR
NA19656	m006	NA19655	NA19654	MXL	2	AMR
NA19657	m007	0	0	MXL	2	AMR
NA19658	m007	0	0	MXL	1	AMR
NA19659	m007	NA19658	NA19657	MXL	2	AMR
NA19660	m008	0	0	MXL	2	AMR
NA19661	m008	0	0	MXL	1	AMR
NA19662	m008	NA19661	NA19660	MXL	2	AMR
NA19663	m012	0	0	MXL	2	AMR
NA19664	m012	0	0	MXL	1	AMR
NA19665	m012	NA19664	NA19663	MXL	2	AMR
NA19669	m002	0	0	MXL	2	AMR
NA19670	m002	0	0	MXL	1	AMR
NA19671	m002	NA19670	NA19669	MXL	2	AMR
NA19675	m004	NA19679	NA19678	MXL	2	AMR
NA19676	m004	0	0	MXL	1	AMR
NA19677	m004	NA19676	NA19675	MXL	2	AMR
NA19678	m009	0	0	MXL	2	AMR
NA19679	m009	0	0	MXL	1	AMR
NA19680	m009	NA19679	NA19678	MXL	2	AMR
NA19681	m010	0	0	MXL	2	AMR
NA19682	m010	0	0	MXL	1	AMR
NA19683	m010	NA19682	NA19681	MXL	2	AMR
NA19684	m011	0	0	MXL	2	AMR
NA19685	m011	NA19661	NA19660	MXL	1	AMR
NA19686	m011	NA19685	NA19684	MXL	2	AMR
NA19700	2367	0	0	ASW	1	AFR
NA19701	2367	0	0	ASW	2	AFR
NA19702	2367	NA19700	NA19701	ASW	1	AFR
NA19703	2368	0	0	ASW	1	AFR
NA19704	2368	0	0	ASW	2	AFR
NA19705	2368	NA19703	NA19704	ASW	1	AFR
NA19707	2369	0	0	ASW	2	AFR
NA19711	2371	0	0	ASW	1	AFR
NA19712	2371	0	0	ASW	2	AFR
NA19713	2436	0	0	ASW	2	AFR
NA19716	m014	0	0	MXL	2	AMR
NA19717	m014	0	0	MXL	1	AMR
NA19718	m014	NA19717	NA19716	MXL	2	AMR
NA19719	m015	0	0	MXL	2	AMR
NA19720	m015	0	0	MXL	1	AMR
NA19721	m015	NA19720	NA19719	MXL	2	AMR
NA19722	m016	0	0	MXL	2	AMR
NA19723	m016	0	0	MXL	1	AMR
NA19724	m016	NA19723	NA19722	MXL	1	AMR
NA19725	m017	0	0	MXL	2	AMR
NA19726	m017	0	0	MXL	1	AMR
NA19727	m017	NA19726	NA19725	MXL	1	AMR
NA19728	m018	0	0	MXL	2	AMR
NA19729	m018	0	0	MXL	1	AMR
NA19730	m018	NA19729	NA19728	MXL	2	AMR
NA19731	m019	0	0	MXL	2	AMR
NA19732	m019	0	0	MXL	1	AMR
NA19733	m019	NA19732	NA19731	MXL	2	AMR
NA19734	2393	0	0	MXL	2	AMR
NA19735	2393	0	0	MXL	1	AMR
NA19740	2395	0	0	MXL	2	AMR
NA19741	2395	0	0	MXL	1	AMR
NA19746	m023	0	0	MXL	2	AMR
NA19747	m023	0	0	MXL	1	AMR
NA19748	m023	NA19747	NA19746	MXL	2	AMR
NA19749	m024	0	0	MXL	2	AMR
NA19750	m024	0	0	MXL	1	AMR
NA19751	m024	NA19750	NA19749	MXL	1	AMR
NA19752	2401	0	0	MXL	2	AMR
NA19755	m026	0	0	MXL	2	AMR
NA19756	m026	0	0	MXL	1	AMR
NA19757	m026	NA19756	NA19755	MXL	1	AMR
NA19758	m027	0	0	MXL	2	AMR
NA19759	m027	0	0	MXL	1	AMR
NA19760	m027	NA19759	NA19758	MXL	2	AMR
NA19761	m028	0	0	MXL	2	AMR
NA19762	m028	0	0	MXL	1	AMR
NA19763	m028	NA19762	NA19761	MXL	2	AMR
NA19764	2405	0	0	MXL	2	AMR
NA19770	m031	0	0	MXL	2	AMR
NA19771	m031	0	0	MXL	1	AMR
NA19772	m031	NA19771	NA19770	MXL	1	AMR
NA19773	m033	0	0	MXL	2	AMR
NA19774	m033	0	0	MXL	1	AMR
NA19775	m033	NA19774	NA19773	MXL	2	AMR
NA19776	m034	0	0	MXL	2	AMR
NA19777	m034	0	0	MXL	1	AMR
NA19778	m034	NA19777	NA19776	MXL	1	AMR
NA19779	m035	0	0	MXL	2	AMR
NA19780	m035	0	0	MXL	1	AMR
NA19781	m035	NA19780	NA19779	MXL	2	AMR
NA19782	m036	0	0	MXL	2	AMR
NA19783	m036	0	0	MXL	1	AMR
NA19784	m036	NA19783	NA19782	MXL	1	AMR
NA19785	m032	0	0	MXL	2	AMR
NA19786	m032	0	0	MXL	1	AMR
NA19787	m032	NA19786	NA19785	MXL	1	AMR
NA19788	m037	0	0	MXL	2	AMR
NA19789	m037	0	0	MXL	1	AMR
NA19790	m037	NA19789	NA19788	MXL	2	AMR
NA19792	2414	0	0	MXL	1	AMR
NA19794	m039	0	0	MXL	2	AMR
NA19795	m039	0	0	MXL	1	AMR
NA19796	m039	NA19795	NA19794	MXL	1	AMR
NA19818	2418	0	0	ASW	1	AFR
NA19819	2418	0	0	ASW	2	AFR
NA19828	2418	NA19818	NA19819	ASW	1	AFR
NA19834	2424	0	0	ASW	1	AFR
NA19835	2424	0	0	ASW	2	AFR
NA19836	2424	NA19834	NA19835	ASW	2	AFR
NA19900	2425	0	0	ASW	1	AFR
NA19901	2425	0	0	ASW	2	AFR
NA19902	2425	NA19900	NA19901	ASW	2	AFR
NA19904	2426	0	0	ASW	1	AFR
NA19908	2427	0	0	ASW	1	AFR
NA19909	2427	0	0	ASW	2	AFR
NA19913	2426a	0	0	ASW	2	AFR
NA19914	2430	0	0	ASW	2	AFR
NA19916	2431	0	0	ASW	1	AFR
NA19917	2431	0	0	ASW	2	AFR
NA19918	2431	NA19916	NA19917	ASW	1	AFR
NA19919	2427	NA19908	NA19909	ASW	1	AFR
NA19920	2433	0	0	ASW	1	AFR
NA19921	2433	0	0	ASW	2	AFR
NA19922	2434	0	0	ASW	1	AFR
NA19923	2434	0	0	ASW	2	AFR
NA19924	2434	NA19922	NA19923	ASW	2	AFR
NA19982	2436	0	0	ASW	1	AFR
NA19983	2436	NA19982	NA19713	ASW	2	AFR
NA19984	2437a	0	0	ASW	1	AFR
NA20126	2446	0	0	ASW	1	AFR
NA20127	2446	0	0	ASW	2	AFR
NA20128	2446	NA20126	NA20127	ASW	2	AFR
NA20129	2433	NA19920	NA19921	ASW	2	AFR
NA20274	2357a	0	0	ASW	2	AFR
NA20276	2466	0	0	ASW	2	AFR
NA20278	2467	0	0	ASW	1	AFR
NA20279	2467	NA20278	NA20282	ASW	1	AFR
NA20281	2469a	0	0	ASW	1	AFR
NA20282	2469	0	0	ASW	2	AFR
NA20287	2470	0	0	ASW	2	AFR
NA20289	2471	0	0	ASW	2	AFR
NA20291	2472	0	0	ASW	1	AFR
NA20294	2474	0	0	ASW	2	AFR
NA20296	2475	0	0	ASW	2	AFR
NA20298	2476a	0	0	ASW	1	AFR
NA20299	2476	0	0	ASW	2	AFR
NA20314	2479	0	0	ASW	2	AFR
NA20317	2480	0	0	ASW	2	AFR
NA20318	2480a	0	0	ASW	1	AFR
NA20320	2481a	0	0	ASW	2	AFR
NA20321	2481	0	0	ASW	2	AFR
NA20332	2483	0	0	ASW	2	AFR
NA20334	2484	0	0	ASW	2	AFR
NA20339	2486	0	0	ASW	2	AFR
NA20340	2487	0	0	ASW	1	AFR
NA20342	2488	0	0	ASW	1	AFR
NA20346	2490	0	0	ASW	1	AFR
NA20348	2491	0	0	ASW	1	AFR
NA20351	2493	0	0	ASW	1	AFR
NA20355	2484a	0	0	ASW	2	AFR
NA20356	2494	0	0	ASW	1	AFR
NA20357	2494	0	0	ASW	2	AFR
NA20358	2494	NA20356	NA20357	ASW	1	AFR
NA20359	2495	0	0	ASW	2	AFR
NA20362	2495a	0	0	ASW	1	AFR
NA20412	2505	0	0	ASW	2	AFR
NA20502	NA20502	0	0	TSI	2	EUR
NA20503	NA20503	0	0	TSI	2	EUR
NA20504	NA20504	0	0	TSI	2	EUR
NA20505	NA20505	0	0	TSI	2	EUR
NA20506	NA20506	0	0	TSI	2	EUR
NA20507	NA20507	0	0	TSI	2	EUR
NA20508	NA20508	0	0	TSI	2	EUR
NA20509	NA20509	0	0	TSI	1	EUR
NA20510	NA20510	0	0	TSI	1	EUR
NA20511	NA20511	0	0	TSI	1	EUR
NA20512	NA20512	0	0	TSI	1	EUR
NA20513	NA20513	0	0	TSI	1	EUR
NA20514	NA20514	0	0	TSI	2	EUR
NA20515	NA20515	0	0	TSI	1	EUR
NA20516	NA20516	0	0	TSI	1	EUR
NA20517	NA20517	0	0	TSI	2	EUR
NA20518	NA20518	0	0	TSI	1	EUR
NA20519	NA20519	0	0	TSI	1	EUR
NA20520	NA20520	0	0	TSI	1	EUR
NA20521	NA20521	0	0	TSI	1	EUR
NA20522	NA20522	0	0	TSI	2	EUR
NA20524	NA20524	0	0	TSI	1	EUR
NA20525	NA20525	0	0	TSI	1	EUR
NA20527	NA20527	0	0	TSI	1	EUR
NA20528	NA20528	0	0	TSI	1	EUR
NA20529	NA20529	0	0	TSI	2	EUR
NA20530	NA20530	0	0	TSI	2	EUR
NA20531	NA20531	0	0	TSI	2	EUR
NA20532	NA20532	0	0	TSI	1	EUR
NA20533	NA20533	0	0	TSI	2	EUR
NA20534	NA20534	0	0	TSI	1	EUR
NA20535	NA20535	0	0	TSI	2	EUR
NA20536	NA20536	0	0	TSI	1	EUR
NA20538	NA20538	0	0	TSI	1	EUR
NA20539	NA20539	0	0	TSI	1	EUR
NA20540	NA20540	0	0	TSI	2	EUR
NA20541	NA20541	0	0	TSI	2	EUR
NA20542	NA20542	0	0	TSI	2	EUR
NA20543	NA20543	0	0	TSI	1	EUR
NA20544	NA20544	0	0	TSI	1	EUR
NA20581	NA20581	0	0	TSI	1	EUR
NA20582	NA20582	0	0	TSI	2	EUR
NA20585	NA20585	0	0	TSI	2	EUR
NA20586	NA20586	0	0	TSI	1	EUR
NA20587	NA20587	0	0	TSI	2	EUR
NA20588	NA20588	0	0	TSI	1	EUR
NA20589	NA20589	0	0	TSI	2	EUR
NA20752	NA20752	0	0	TSI	1	EUR
NA20753	NA20753	0	0	TSI	2	EUR
NA20754	NA20754	0	0	TSI	1	EUR
NA20755	NA20755	0	0	TSI	1	EUR
NA20756	NA20756	0	0	TSI	2	EUR
NA20757	NA20757	0	0	TSI	2	EUR
NA20758	NA20758	0	0	TSI	1	EUR
NA20759	NA20759	0	0	TSI	1	EUR
NA20760	NA20760	0	0	TSI	2	EUR
NA20761	NA20761	0	0	TSI	2	EUR
NA20762	NA20762	0	0	TSI	1	EUR
NA20763	NA20763	0	0	TSI	1	EUR
NA20764	NA20764	0	0	TSI	2	EUR
NA20765	NA20765	0	0	TSI	1	EUR
NA20766	NA20766	0	0	TSI	2	EUR
NA20767	NA20767	0	0	TSI	1	EUR
NA20768	NA20768	0	0	TSI	2	EUR
NA20769	NA20769	0	0	TSI	2	EUR
NA20770	NA20770	0	0	TSI	1	EUR
NA20771	NA20771	0	0	TSI	2	EUR
NA20772	NA20772	0	0	TSI	2	EUR
NA20773	NA20773	0	0	TSI	2	EUR
NA20774	NA20774	0	0	TSI	2	EUR
NA20775	NA20775	0	0	TSI	2	EUR
NA20778	NA20778	0	0	TSI	1	EUR
NA20783	NA20783	0	0	TSI	1	EUR
NA20785	NA20785	0	0	TSI	1	EUR
NA20786	NA20786	0	0	TSI	2	EUR
NA20787	NA20787	0	0	TSI	1	EUR
NA20790	NA20790	0	0	TSI	2	EUR
NA20792	NA20792	0	0	TSI	1	EUR
NA20795	NA20795	0	0	TSI	2	EUR
NA20796	NA20796	0	0	TSI	1	EUR
NA20797	NA20797	0	0	TSI	2	EUR
NA20798	NA20798	0	0	TSI	1	EUR
NA20799	NA20799	0	0	TSI	2	EUR
NA20800	NA20800	0	0	TSI	2	EUR
NA20801	NA20801	0	0	TSI	1	EUR
NA20802	NA20802	0	0	TSI	2	EUR
NA20803	NA20803	0	0	TSI	1	EUR
NA20804	NA20804	0	0	TSI	2	EUR
NA20805	NA20805	0	0	TSI	1	EUR
NA20806	NA20806	0	0	TSI	1	EUR
NA20807	NA20807	0	0	TSI	2	EUR
NA20808	NA20808	0	0	TSI	2	EUR
NA20809	NA20809	0	0	TSI	1	EUR
NA20810	NA20810	0	0	TSI	1	EUR
NA20811	NA20811	0	0	TSI	1	EUR
NA20812	NA20812	0	0	TSI	1	EUR
NA20813	NA20813	0	0	TSI	2	EUR
NA20814	NA20814	0	0	TSI	1	EUR
NA20815	NA20815	0	0	TSI	1	EUR
NA20818	NA20818	0	0	TSI	2	EUR
NA20819	NA20819	0	0	TSI	2	EUR
NA20821	NA20821	0	0	TSI	2	EUR
NA20822	NA20822	0	0	TSI	2	EUR
NA20826	NA20826	0	0	TSI	2	EUR
NA20827	NA20827	0	0	TSI	1	EUR
NA20828	NA20828	0	0	TSI	2	EUR
NA20832	NA20832	0	0	TSI	2	EUR
NA20845	NA20845	0	0	GIH	1	SAS
NA20846	NA20846	0	0	GIH	1	SAS
NA20847	NA20847	0	0	GIH	2	SAS
NA20849	NA20849	0	0	GIH	2	SAS
NA20850	NA20850	0	0	GIH	1	SAS
NA20851	NA20851	0	0	GIH	2	SAS
NA20852	NA20852	0	0	GIH	1	SAS
NA20853	NA20853	0	0	GIH	2	SAS
NA20854	NA20854	0	0	GIH	2	SAS
NA20856	NA20856	0	0	GIH	2	SAS
NA20858	NA20858	0	0	GIH	1	SAS
NA20859	NA20859	0	0	GIH	2	SAS
NA20861	NA20861	0	0	GIH	1	SAS
NA20862	NA20862	0	0	GIH	2	SAS
NA20863	NA20863	0	0	GIH	1	SAS
NA20864	NA20864	0	0	GIH	1	SAS
NA20866	NA20866	0	0	GIH	1	SAS
NA20867	NA20867	0	0	GIH	1	SAS
NA20868	GIH001	0	0	GIH	2	SAS
NA20869	NA20869	0	0	GIH	2	SAS
NA20870	NA20870	0	0	GIH	1	SAS
NA20872	NA20872	0	0	GIH	2	SAS
NA20874	NA20874	0	0	GIH	2	SAS
NA20875	NA20875	0	0	GIH	2	SAS
NA20876	NA20876	0	0	GIH	2	SAS
NA20877	NA20877	0	0	GIH	2	SAS
NA20878	NA20878	0	0	GIH	2	SAS
NA20881	NA20881	0	0	GIH	2	SAS
NA20882	NA20882	0	0	GIH	2	SAS
NA20884	NA20884	0	0	GIH	1	SAS
NA20885	NA20885	0	0	GIH	1	SAS
NA20886	GIH002	0	0	GIH	2	SAS
NA20887	NA20887	0	0	GIH	1	SAS
NA20888	NA20888	0	0	GIH	2	SAS
NA20889	NA20889	0	0	GIH	1	SAS
NA20890	NA20890	0	0	GIH	1	SAS
NA20891	NA20891	0	0	GIH	1	SAS
NA20892	NA20892	0	0	GIH	2	SAS
NA20894	NA20894	0	0	GIH	2	SAS
NA20895	NA20895	0	0	GIH	1	SAS
NA20896	NA20896	0	0	GIH	2	SAS
NA20897	NA20897	0	0	GIH	1	SAS
NA20899	NA20899	0	0	GIH	2	SAS
NA20900	NA20900	0	0	GIH	2	SAS
NA20901	NA20901	0	0	GIH	1	SAS
NA20902	NA20902	0	0	GIH	2	SAS
NA20903	NA20903	0	0	GIH	1	SAS
NA20904	NA20904	0	0	GIH	1	SAS
NA20905	NA20905	0	0	GIH	1	SAS
NA20906	NA20906	0	0	GIH	2	SAS
NA20908	NA20908	0	0	GIH	2	SAS
NA20910	GIH003	NA20909	0	GIH	2	SAS
NA20911	NA20911	0	0	GIH	1	SAS
NA21086	NA21086	0	0	GIH	2	SAS
NA21087	NA21087	0	0	GIH	1	SAS
NA21088	NA21088	0	0	GIH	2	SAS
NA21089	NA21089	0	0	GIH	2	SAS
NA21090	NA21090	0	0	GIH	1	SAS
NA21091	NA21091	0	0	GIH	1	SAS
NA21092	NA21092	0	0	GIH	1	SAS
NA21093	NA21093	0	0	GIH	1	SAS
NA21094	NA21094	0	0	GIH	1	SAS
NA21095	NA21095	0	0	GIH	1	SAS
NA21097	NA21097	0	0	GIH	2	SAS
NA21098	NA21098	0	0	GIH	1	SAS
NA21099	NA21099	0	0	GIH	1	SAS
NA21100	NA21100	0	0	GIH	1	SAS
NA21101	NA21101	0	0	GIH	2	SAS
NA21102	NA21102	0	0	GIH	2	SAS
NA21103	NA21103	0	0	GIH	2	SAS
NA21104	NA21104	0	0	GIH	1	SAS
NA21105	NA21105	0	0	GIH	1	SAS
NA21106	NA21106	0	0	GIH	2	SAS
NA21107	NA21107	0	0	GIH	1	SAS
NA21108	NA21108	0	0	GIH	2	SAS
NA21109	NA21109	0	0	GIH	1	SAS
NA21110	NA21110	0	0	GIH	2	SAS
NA21111	NA21111	0	0	GIH	1	SAS
NA21112	NA21112	0	0	GIH	1	SAS
NA21113	NA21113	0	0	GIH	1	SAS
NA21114	NA21114	0	0	GIH	1	SAS
NA21115	NA21115	0	0	GIH	1	SAS
NA21116	NA21116	0	0	GIH	1	SAS
NA21117	NA21117	0	0	GIH	1	SAS
NA21118	NA21118	0	0	GIH	1	SAS
NA21119	NA21119	0	0	GIH	1	SAS
NA21120	NA21120	0	0	GIH	2	SAS
NA21122	NA21122	0	0	GIH	2	SAS
NA21123	NA21123	0	0	GIH	1	SAS
NA21124	NA21124	0	0	GIH	1	SAS
NA21125	NA21125	0	0	GIH	2	SAS
NA21126	NA21126	0	0	GIH	1	SAS
NA21127	NA21127	0	0	GIH	1	SAS
NA21128	NA21128	0	0	GIH	1	SAS
NA21129	NA21129	0	0	GIH	1	SAS
NA21130	NA21130	0	0	GIH	1	SAS
NA21133	NA21133	0	0	GIH	1	SAS
NA21135	NA21135	0	0	GIH	1	SAS
NA21137	NA21137	0	0	GIH	2	SAS
NA21141	NA21141	0	0	GIH	2	SAS
NA21142	NA21142	0	0	GIH	2	SAS
NA21143	NA21143	0	0	GIH	2	SAS
NA21144	NA21144	0	0	GIH	2	SAS
